	ALA	CYS	ASP	GLU	PHE	GLY	HIS	ILE	LYS	LEU	MET	ASN	PRO	GLN	ARG	SER	THR	VAL	TRP	TYR
26	0.9227367	3.924478	2.788294	1.486533	4.345218	2.113703	0	2.83688	0.4776496	3.924478	4.345218	1.102421	2.74331	1.685328	1.732651	1.901829	1.565248	3.011503	4.345218	2.170022
27	2.837352	3.92495	3.92495	0.04709307	3.92495	1.257519	3.92495	2.527281	0.690929	2.10654	3.92495	3.92495	0	0.2585152	0.950453	2.004361	1.368188	0.9893267	3.92495	3.92495
28	0.7126122	2.157429	0.7301441	0	3.293613	1.393676	1.514378	2.626755	0.1699666	1.204307	1.736688	1.298686	2.181236	1.438404	2.427353	1.604361	0.8996011	1.547647	3.158165	2.134521
29	2.577621	3.443881	3.023141	4.110739	4.110739	3.864621	2.777023	2.744205	3.13381	3.13381	3.350312	3.197764	2.655216	3.197764	3.244479	2.19876	0	1.423042	3.350312	3.55455
30	2.129545	4.162936	3.742196	3.075338	4.162936	3.496079	3.075338	1.776318	0.6847658	0	0.6229838	3.075338	2.233858	1.45213	2.233858	1.971109	1.916246	1.477054	4.162936	2.375662
31	-0.9444032	2.149362	0.3013372	-0.2252357	2.149362	0.1834845	1.728622	2.149362	0.5474545	1.360698	1.728622	1.728622	2.570103	0.1955047	-1.995228	0.5192168	1.172433	0	1.061764	2.149362
32	1.21882	3.407907	3.097836	3.654024	4.074764	3.518576	2.812543	4.074764	0	4.074764	2.120907	4.074764	3.654024	-0.5569256	1.67636	3.343953	2.271723	2.451556	4.074764	3.654024
33	2.069971	-0.8160239	3.841058	3.841058	3.841058	3.841058	3.841058	2.65989	3.841058	1.955667	3.841058	3.1742	3.420317	3.841058	3.530987	4.087175	3.420317	0	3.841058	3.420317
34	1.845281	2.544957	4.188744	2.124217	4.188744	3.05256	1.464141	2.505782	0	3.135841	2.631819	1.151348	3.942626	0.806446	0.2093541	2.078752	1.750799	3.007576	3.521886	2.855028
35	-0.6239928	1.034782	0	-0.8023058	2.050886	0.9632878	-0.2032525	0.899334	-0.8534333	0.9632878	-0.5422338	-0.7524924	1.384028	-1.019543	-0.6231697	-0.3100711	-0.2883025	0.930469	2.717743	1.536576
36	0	2.927979	4.484903	4.484903	3.303735	3.571928	3.303735	1.733615	4.484903	2.897622	2.1879	4.064162	4.238785	3.643422	4.174831	1.731443	2.208954	1.686537	3.643422	3.507974
37	4.554497	4.133757	3.046159	0	4.133757	4.554497	4.133757	4.133757	4.133757	4.800614	4.133757	4.133757	4.554497	4.133757	4.800614	4.800614	4.554497	4.554497	4.133757	4.133757
38	4.493288	4.072548	0	3.651807	4.072548	2.706014	4.072548	3.40569	4.072548	4.739406	4.072548	1.988117	4.493288	4.072548	4.739406	4.318665	4.493288	4.493288	4.072548	4.072548
39	2.990043	4.024825	4.024825	4.024825	4.024825	4.445565	3.604084	4.024825	4.024825	3.23616	4.024825	4.024825	3.357967	0	2.248294	2.873273	4.445565	4.445565	4.024825	4.024825
40	3.852511	3.431771	3.431771	3.431771	2.764913	3.852511	1.829863	3.431771	3.431771	0	3.431771	3.431771	3.431771	3.431771	4.098628	2.415667	2.875582	3.431771	2.454842	2.764913
41	3.004758	3.140206	1.128495	3.560946	3.560946	0	3.560946	3.560946	2.473348	4.227804	3.560946	2.584017	3.560946	2.473348	3.807063	2.035977	2.526164	2.424762	3.560946	3.560946
42	0	3.470236	3.470236	2.13652	3.470236	3.470236	3.470236	3.470236	2.493307	4.137094	3.470236	3.470236	3.049495	3.470236	2.417333	3.716353	1.000337	0.9799313	3.470236	3.470236
43	1.938374	3.119542	2.733497	2.278061	3.365659	2.650216	0.1727808	2.733497	0.2225943	2.567866	2.576994	1.676408	0.6920156	1.62255	0	2.08272	1.605609	2.563353	3.476328	2.851349
44	2.323581	2.931461	2.477901	2.708251	0.8351808	2.409967	3.002955	0.4844697	2.931461	0.8602265	1.126692	2.809653	2.431778	2.898642	2.594994	2.724019	2.611356	0	2.641968	3.177578
45	2.663069	3.060002	2.993718	2.87957	3.950068	0	3.582144	3.775445	3.219257	3.199354	3.639997	3.639997	2.740664	3.108588	2.862471	3.134422	3.234625	3.336027	3.161404	3.219257
46	5.503908	4.526979	4.526979	5.503908	1.919353	5.503908	3.749452	2.970055	4.662427	2.232741	2.219039	3.860121	4.743481	5.503908	5.329285	4.568858	4.280862	3.995569	5.503908	0
47	-0.6527225	1.88565	3.376888	2.956148	1.153106	3.376888	2.646077	0	4.043746	0.5869696	1.399224	3.066817	3.008964	1.579057	3.376888	1.56186	-0.04523299	0.01373806	4.043746	1.645341
48	0.4471677	3.670037	1.766792	0	1.851627	3.84466	1.373034	0.4708847	1.289399	-0.1078692	0.6813973	0.4787373	3.249297	0.7177827	3.302113	0.4214591	0.5358797	0.09255266	3.42392	0.4724471
49	2.842691	4.33825	3.577823	3.671392	3.496769	4.092133	2.360585	0.4790398	3.91751	0	0.2690426	3.361321	2.475942	2.027606	2.961159	3.234021	2.793113	1.026222	3.157083	3.782062
50	2.177076	3.340032	0	0.6342994	3.827056	3.682341	2.519852	3.740194	3.629525	3.726853	3.565571	2.062312	3.467681	2.673174	4.296383	1.870094	3.129843	4.08496	3.986312	3.192153
51	2.501522	2.699819	2.821626	4.576082	1.130292	3.734601	2.307316	0.1170536	3.909224	0	-0.2692449	2.368067	2.686178	3.394914	3.559978	2.681698	1.570036	1.538686	2.111393	0.8772849
52	1.872573	3.095619	2.254138	0.6743056	2.674879	1.324532	-1.023233	1.192374	0.337839	0.9551181	0.8268535	0	0.733284	0.5711769	0.7672509	-0.8374577	0.6154313	1.587281	2.674879	1.341163
53	0.9981968	2.860505	0.5234653	0.6686777	2.860505	0.7473922	-1.656377	2.860505	1.106049	1.573505	2.860505	-1.252142	2.100078	0.5365196	1.624118	0	-0.5935433	1.724321	2.860505	1.883576
54	0.6623999	3.64735	2.017204	3.893467	2.980492	0	2.858685	3.64735	4.314207	3.104802	3.13304	1.179182	3.051986	4.314207	4.139584	1.707133	3.051986	3.091161	3.472727	2.36035
55	1.195014	3.79724	0.633426	0.7358812	1.868162	2.240316	0.8963123	0.7998351	0	1.261833	0.7358812	0.04034107	3.241052	0.6138961	1.094629	1.533311	0.7147158	1.282357	4.21798	1.332551
56	1.521476	2.65532	2.829943	1.233844	1.784224	3.713303	1.93061	0	2.370028	1.068781	0.8204439	2.315634	1.516806	1.769941	2.536279	2.382808	0.6213965	0.57138	2.281903	2.298534
57	3.152738	2.925299	2.258441	2.585612	1.271479	4.60826	0.9360719	0.1368279	1.122257	0	0.1707561	1.702253	3.152738	1.635271	1.825185	3.210591	1.531435	0.8519837	1.702253	0.4887229
58	1.546006	3.640148	0.8351749	0	3.950219	1.348689	3.060153	3.43591	2.055836	4.196337	3.950219	1.696081	4.196337	3.161555	2.769052	1.999066	2.097396	2.327011	4.617077	3.529479
59	0.8904988	2.334883	0.9747725	0.6910968	0.85768	2.398837	0.5256478	2.224214	0.9747725	1.50877	0.1220952	0.8961453	3.065695	0.4032807	1.024076	0	0.9911347	1.061386	0.777959	0.8265449
60	2.083341	2.65663	3.170939	3.837797	0	3.281609	-0.2074992	2.382275	3.837797	2.947731	2.154836	0.3032082	2.860868	2.575576	2.686245	1.766563	2.803015	2.050523	-0.1002271	-0.5672035
61	2.843058	2.828431	3.699527	3.588858	3.074548	5.097196	1.039637	4.009598	2.171285	3.006274	2.828431	1.136503	2.734861	2.572754	0	2.889182	3.916029	3.278787	4.676456	2.773211
62	0.3437122	1.947285	1.419779	1.146018	2.715545	0.6473503	0.5637879	1.306938	1.039521	0.9766142	0.8099053	3.329587	0	0.9082732	1.847082	0.4012329	1.235444	1.416525	3.50421	1.784449
63	1.157908	1.650143	-0.4322231	0	0.5042074	0.9913247	0.01170413	0.7737449	2.070883	0.5842254	3.858157	-0.1235291	1.86893	1.857584	0.9020095	0.4414639	0.02969467	1.305909	1.735777	-0.1131231
64	3.037239	5.014903	0.6060622	0	5.014903	4.173423	3.196494	4.348046	3.927305	4.594163	3.681188	3.752682	3.927305	2.270178	4.348046	3.523665	1.926732	2.901791	4.173423	3.681188
65	3.643971	3.294725	3.375778	3.294725	4.556946	4.000757	2.38175	4.556946	1.215209	2.873984	3.101423	3.890088	3.257926	2.873984	0	3.580017	2.523554	3.643971	4.556946	4.556946
66	4.278476	5.255405	3.857736	4.413924	0	4.34243	3.653497	4.413924	4.834664	3.968405	3.993184	3.611618	3.7729	3.572443	4.103853	4.365338	4.032359	4.494977	4.167807	3.993184
67	2.418631	2.546896	2.686824	3.353681	2.463614	3.774421	1.441702	2.418631	2.900122	2.017473	2.932941	2.126155	0	1.969653	2.453326	2.304759	2.074829	3.425175	3.506229	2.404348
68	2.071089	1.973761	2.126309	2.126309	1.454653	2.675314	1.593696	0.9640135	1.599736	0.5040982	0	1.624515	1.698385	1.587716	2.049485	1.870632	1.627685	0.8814974	2.18706	1.656983
69	2.625753	2.761201	3.467233	2.35002	3.221116	3.307978	3.307978	2.98864	2.120177	1.412908	0	2.120177	2.345221	2.069564	3.016877	2.425138	1.242674	2.190024	2.502568	3.145142
70	3.714576	1.209405	3.293835	3.293835	3.293835	0.3322782	3.293835	1.896166	3.293835	3.960693	3.293835	0.2246941	3.714576	3.293835	2.698472	0	3.714576	3.714576	3.293835	3.293835
71	1.46127	3.744318	3.744318	3.744318	3.744318	4.165059	2.187394	1.323005	3.744318	4.411176	3.744318	2.902838	3.077461	3.744318	4.411176	3.434247	0	4.165059	3.744318	2.902838
72	5.053608	4.38675	5.053608	5.053608	0	5.053608	5.053608	5.053608	5.053608	3.697817	5.053608	5.053608	5.053608	5.053608	5.720466	3.512451	5.474348	3.655939	5.053608	5.053608
73	4.142395	3.721654	3.721654	1.967199	3.721654	4.142395	3.721654	2.634057	0	4.388512	3.721654	2.634057	4.142395	3.300914	2.266132	4.388512	3.054797	3.721654	3.721654	3.721654
74	1.039966	3.029193	3.029193	3.029193	1.848025	2.608452	3.029193	0.5645037	3.029193	2.719121	3.029193	3.029193	3.449933	3.029193	3.69605	-1.308101	3.449933	0	3.029193	3.029193
75	1.37382	2.502172	2.922912	3.58977	1.006613	3.58977	2.192101	0.9002639	3.169029	0	0.922339	2.453586	0.6270596	2.162485	2.890093	1.973579	1.741745	1.138306	3.58977	2.502172
76	2.523099	2.769217	2.891024	4.224739	2.716401	4.224739	2.470284	1.87492	2.769217	0	1.183283	2.667815	3.088555	2.541778	3.104322	2.913932	2.644907	1.175244	4.224739	2.769217
77	1.399157	0	3.403465	3.157348	2.982725	1.858328	3.649583	1.068582	3.403465	2.833935	3.157348	2.982725	3.649583	3.403465	3.976753	2.703789	1.482876	0.7103571	3.649583	3.514134
78	-0.673358	2.059839	2.435596	1.72686	3.370646	0	3.616764	3.060575	3.060575	3.0214	2.581982	3.060575	2.949906	2.775283	3.0214	0.8589839	2.703789	2.48058	2.435596	3.370646
79	0	0.8671516	2.393611	3.088706	-0.1133373	3.356899	0.8829775	2.626087	1.265976	1.200732	1.374068	1.101117	2.498787	0.4679907	1.55213	1.911682	2.340795	1.3664	3.182276	0.3719487
80	3.104706	3.073571	2.470667	3.62976	3.137525	3.383642	3.209019	-0.1925857	2.914316	2.632927	0.1510966	3.209019	3.335056	2.788279	3.53619	3.160433	1.753497	0	3.290073	2.296044
81	4.157097	3.426286	3.642787	3.982474	3.03668	4.577837	3.315616	3.426286	3.426286	0	1.242717	3.490239	3.315616	4.157097	3.933888	3.672403	3.426286	3.160265	4.403214	3.03668
82	-0.09495808	2.169144	-0.07432603	0.9289982	0.2083887	1.209811	-0.4956042	0.9818141	0.2015684	0.8961794	0.8164585	-0.04454894	2.858077	0.573462	0.6891581	0	0.1111559	0.4929954	1.396454	-0.1462985
83	1.042178	3.434718	2.735041	2.068184	3.855458	2.820676	0.9545303	2.330489	0.795406	1.247465	1.790931	0.8290248	3.013978	0.9102759	0	1.484921	1.885626	3.155782	3.188601	1.847437
84	1.833179	3.549957	4.216815	4.637555	3.375334	5.058295	2.42954	0.8219539	3.970697	4.637555	4.637555	4.637555	5.058295	4.216815	4.042192	3.350555	3.375334	0	4.637555	4.637555
85	4.482081	4.307458	0	2.359701	5.148939	5.56968	4.728199	5.148939	5.148939	5.815797	5.148939	4.307458	5.56968	2.8119	5.395057	4.17201	4.728199	5.56968	5.148939	4.728199
86	0	3.235982	1.848515	3.346651	3.90284	1.78046	2.259053	2.536306	2.219878	1.765322	2.60382	1.98654	4.32358	2.345916	1.249306	1.264837	0.6085595	2.026577	4.32358	3.482099
87	2.450376	4.767727	1.063474	1.813134	4.767727	0	1.668418	4.767727	1.997168	3.680129	3.790798	1.428463	5.188468	1.851686	2.031863	2.138972	4.767727	4.346987	4.767727	3.58656
88	1.035678	4.297065	1.67635	1.179635	1.93473	2.274417	0.6694199	1.102612	0.2786805	0.9382975	0.7174925	0.7678877	4.717805	0	1.008593	1.248902	0.9264185	1.222152	2.577304	1.009492
89	4.975906	4.975906	1.079959	0	2.975333	5.396646	4.975906	1.626812	3.888308	1.15468	1.138109	4.975906	4.975906	3.888308	4.975906	4.555166	2.911379	2.275656	4.555166	4.975906
90	1.425355	3.489882	0.8855727	3.489882	1.235743	2.512953	-1.082096	1.846095	1.115284	0.4233233	3.489882	-0.09797202	2.576907	0	0.9346207	0.5788367	0.9197789	1.735426	2.22766	0.3548565
91	1.16122	4.008868	2.553346	4.008868	1.144739	4.429608	2.365082	0.06715942	4.008868	0	1.447627	3.031939	1.10794	2.92127	3.698797	2.313391	1.905166	0.6288829	4.008868	2.92127
92	1.474	3.427858	-1.156669	0.450356	1.324156	0	0.5019469	2.030189	2.165637	1.936619	1.609448	-0.08105356	2.667431	0.6447825	0.9844693	0.7101143	0.3248812	1.438631	1.287357	1.324156
93	4.898913	4.478173	4.478173	4.478173	4.478173	4.898913	4.057433	4.478173	4.478173	5.145031	4.478173	4.057433	4.478173	4.478173	0	5.145031	4.898913	4.898913	4.478173	4.478173
94	2.1476	2.703789	2.703789	2.703789	2.703789	3.124529	1.72686	1.370073	2.036931	1.72686	2.703789	2.283048	3.124529	2.283048	0	3.370646	-1.450691	-1.655668	2.703789	2.703789
95	4.584208	4.584208	4.163468	4.584208	4.584208	5.004948	4.584208	0	4.584208	3.432656	1.254936	4.584208	5.004948	4.584208	5.251066	4.830325	5.004948	0.2242897	4.584208	4.584208
96	2.748919	5.319021	4.898281	5.319021	4.652164	5.739761	0	4.652164	3.810683	3.442758	4.342093	3.531747	3.205908	2.674499	4.008214	4.652164	3.285629	3.921352	5.319021	3.215319
97	5.669785	3.986823	4.161446	5.249044	1.275146	5.669785	4.407564	2.032966	4.828304	3.605258	5.249044	4.407564	4.828304	5.249044	5.495162	4.582187	4.488617	3.547405	2.04214	0
98	0.5561885	2.954593	-2.132065	-1.120171	1.352686	0.5503798	0.2650876	1.352686	1.106568	0.6262254	1.352686	-0.4807123	1.866995	0.9769288	1.106568	0	-0.2141626	0.9887156	1.620878	0.7465786
99	2.18199	4.814726	1.598647	1.745585	3.727128	2.538777	0.9780195	1.855481	1.458362	2.346559	1.841737	1.371019	1.511178	0	1.328723	1.91892	1.804405	2.151054	3.027452	2.440128
100	0.5438575	2.972989	-0.4920333	0.6308051	1.474852	0.9837619	0.6106538	0.6787511	0.4372708	1.19863	0.6543048	0	1.271349	0.4280317	1.310606	0.4836884	0.6244357	0.9024221	2.195462	0.8542987
101	2.140209	4.637992	0	3.414946	4.637992	5.058733	1.349072	2.761729	2.696398	4.081804	2.025425	0.8280697	4.298306	2.327348	3.282202	2.097945	1.961266	3.240323	5.058733	3.104875
102	3.166455	3.301903	3.587195	4.143384	2.809668	4.564124	3.722643	-0.004920319	3.0072	0	0.6151131	3.587195	3.897266	3.722643	3.674057	3.443707	3.0072	0.6501286	3.476526	3.301903
103	1.377866	0.8292176	0.8231778	4.045296	1.249958	1.904795	1.695477	-0.146496	2.589774	0.3003426	1.159867	2.647627	2.103702	1.635329	1.837281	1.543398	1.186611	0	2.711581	1.591164
104	2.519681	3.409748	2.726259	0	3.520417	2.138116	2.621083	3.830488	1.729956	2.449919	4.918086	3.2743	2.952208	1.765961	2.139154	2.300075	2.710071	3.18073	2.989007	2.153883
105	3.425231	2.015131	2.427724	5.04844	3.65077	2.548184	1.568301	3.047866	5.04844	4.113389	5.04844	1.449179	3.119361	5.04844	3.340699	2.511481	2.533556	4.07151	5.04844	0
106	1.744638	4.168755	4.589496	4.589496	3.922638	3.922638	3.133973	3.501898	3.748015	3.501898	3.922638	3.133973	4.589496	4.589496	4.414873	0	3.25578	5.010236	3.032571	3.408328
107	4.192198	4.859055	3.882126	4.859055	4.859055	5.279796	3.350717	4.438315	4.192198	5.105173	4.192198	3.461386	0	3.596834	4.859055	4.128244	3.431771	4.612938	4.859055	4.859055
108	1.593738	3.681423	2.791356	2.347708	3.681423	4.769021	2.791356	-0.3197229	4.348281	1.628242	4.348281	3.260683	3.125235	1.68839	4.038209	1.519485	1.292824	0	4.348281	1.673402
109	3.106103	4.28727	4.708011	4.28727	4.708011	5.128751	4.28727	4.041153	3.44579	4.954128	4.041153	2.831748	5.128751	4.708011	3.977199	2.186738	0	4.461893	4.708011	4.708011
110	1.864112	4.691949	1.053615	0	3.850469	2.117464	2.22726	2.305331	0.8866079	3.482544	1.59633	2.216884	5.112689	2.148829	2.096013	1.584117	2.22726	2.006068	4.691949	2.648001
111	1.740725	4.798155	2.210709	1.567088	3.154369	3.710557	1.695179	2.388188	0	2.70081	1.74866	1.579049	3.661971	1.373518	2.628606	2.365704	1.589712	2.89491	4.798155	3.196248
112	2.684394	3.071713	4.919738	4.919738	1.814936	5.761219	0	3.016493	2.930511	2.103518	4.078258	2.53312	3.043476	1.886431	3.029835	3.289593	3.620718	4.78429	4.498998	1.958181
113	0.5837158	1.582325	1.170852	-0.04278262	0.398536	2.523538	-0.4673049	-0.4416351	1.199535	0	1.43594	1.261317	0.983523	0.433539	0.9093673	1.022469	-0.1991124	-0.412085	1.801461	0.0990216
114	0.5478107	4.051075	0.3061217	-0.08668324	4.051075	1.186947	0.5970272	2.368114	0.02385299	1.388661	-0.1030808	0.6505893	0.1153654	0.6032107	1.012324	1.489834	0	1.596943	1.892979	1.101169
115	1.358198	2.898467	0	0.5908278	2.723844	1.629261	1.384534	1.899463	1.369863	2.770559	1.465853	0.6254344	3.443517	2.758539	2.234113	1.519055	1.611467	1.484167	4.4783	1.274484
116	3.704784	4.006121	3.543502	5.187289	5.187289	0	4.345808	5.187289	5.187289	5.187289	4.766549	4.345808	4.152507	5.187289	5.433406	4.456477	3.678951	4.099691	5.187289	4.766549
117	4.832975	5.389163	4.968423	4.968423	5.389163	5.809904	5.389163	2.347708	4.301565	1.22644	0	4.968423	4.412234	2.297257	4.968423	6.056021	4.055448	4.354381	5.389163	4.547683
118	3.625407	4.602336	2.298474	4.046147	5.023076	5.443817	3.760855	4.181595	3.204667	5.689934	4.356218	0.6826004	3.656542	2.014889	4.181595	2.298474	0	4.110101	5.023076	4.181595
119	3.132865	4.483212	2.974873	4.483212	4.062471	4.347764	3.641731	0.175753	4.903952	1.754079	2.974873	2.408652	3.537418	4.483212	4.729329	3.149496	2.75459	0	4.903952	3.570237
120	-1.238197	1.036452	-2.459027	-1.110506	1.404376	-0.6182717	-1.049756	0.8900666	-1.190153	1.896611	0.6439493	-1.991613	1.825117	-0.1829042	0	-0.8150667	0.1173764	1.404376	0.9350501	-1.734682
121	3.812476	4.426517	2.407493	0	4.426517	2.495335	3.491467	4.058593	3.695706	4.783304	3.870329	2.831879	3.850426	2.69497	4.725451	4.005777	3.726841	3.980998	4.847258	4.1804
122	3.280921	3.701661	2.377658	3.549113	3.620607	3.9059	3.620607	3.095554	3.064419	0	3.064419	2.691001	3.746644	4.041348	3.731277	3.445984	2.769716	3.9059	3.9059	3.095554
123	4.708335	0	3.39172	4.882958	4.708335	4.708335	3.549243	3.866855	4.882958	4.398264	3.326034	3.175218	4.250796	5.129076	3.947908	3.741608	3.992892	4.789389	5.549816	3.485289
124	0.08496458	2.430978	0.3234943	0.1680211	1.504662	0.5505906	0.00742063	0.7330282	0.07237077	0.9092984	0.07237077	-0.2025505	1.795255	0.2245626	-0.05999508	0	0.07549481	0.7614421	1.353582	0.5602586
125	0	2.276832	3.545343	5.053681	4.632941	4.807564	4.212201	5.053681	5.053681	4.879058	3.79146	5.053681	3.064455	4.212201	4.632941	1.737135	1.113352	4.386824	5.053681	4.632941
126	0	2.276832	3.545343	5.053681	4.632941	4.807564	4.212201	5.053681	5.053681	4.879058	3.79146	5.053681	3.064455	4.212201	4.632941	1.737135	1.113352	4.386824	5.053681	4.632941
127	3.896541	2.486852	4.206613	3.086196	3.475801	4.317282	3.475801	0	2.895806	0.6418571	0.3895064	3.271562	2.872897	2.895806	3.51768	3.637083	2.408781	0.6273181	4.45273	3.365132
128	0.5165172	2.371428	1.611001	1.117163	3.744318	2.092492	3.387532	2.084557	2.322842	3.48486	1.71306	1.938172	2.608135	2.23598	2.818002	0.7525964	0	1.807699	4.721247	3.879766
129	2.847803	5.022999	2.489146	1.953858	2.900619	4.776882	1.80088	2.864902	1.716829	1.106286	0	2.427063	3.174974	0.7097867	2.452896	2.427063	0.9438252	2.180945	1.797883	3.174974
130	4.247356	3.826615	3.937285	4.914214	4.914214	3.691167	2.985135	2.449525	3.516544	4.024147	3.733046	2.891565	3.826615	4.493473	3.422975	0	3.312306	3.879431	4.914214	3.733046
131	4.734077	4.241842	0	4.734077	4.598629	4.439374	3.855797	4.48796	4.598629	4.522655	4.48796	3.855797	3.271696	4.48796	4.198467	4.424006	3.375583	4.241842	4.9087	4.067219
132	4.737304	4.911927	3.702522	4.737304	4.601856	4.911927	2.903907	4.491187	4.491187	5.064475	4.911927	0	3.386958	5.578785	4.983422	4.222995	3.998952	5.999526	5.158045	3.73076
133	0.4781536	2.027066	3.657212	4.74481	4.077952	0.9897811	3.767881	4.324069	4.077952	3.347141	3.482589	3.347141	3.482589	3.563642	3.854743	0.8370945	0	3.236471	4.077952	3.563642
134	0	3.714778	5.1703	5.1703	5.1703	5.591041	4.32882	5.1703	4.503443	4.74956	4.74956	3.836585	4.082702	3.661962	3.752728	2.771895	3.714778	4.034116	5.1703	5.1703
135	0	4.502107	4.081366	4.922847	4.255989	1.975298	3.835249	4.922847	4.922847	4.748224	4.922847	4.502107	3.320939	4.922847	4.612776	1.123281	0.8070896	4.16242	4.922847	4.922847
136	3.435794	3.174308	2.852217	3.309757	3.309757	4.015789	2.6061	3.81155	2.571404	3.072129	3.272957	0	2.928191	3.174308	3.420426	3.107327	2.889016	3.90512	4.151237	3.015053
137	2.18363	2.286259	2.170289	2.811313	2.429747	2.646249	1.865519	0.2774598	1.989104	0	0.3899996	2.050886	1.826844	1.284296	2.30794	2.416406	2.095869	1.012175	2.51661	1.790486
138	2.264387	2.696689	2.209665	2.696689	2.095517	2.720496	1.855209	0.7656682	2.405588	0	1.729172	2.299756	2.104251	1.866995	2.570652	2.558136	2.179054	1.963548	2.651706	2.609827
139	3.100346	3.259601	4.236529	4.061906	2.351139	5.324128	3.183627	1.532741	4.903387	0	1.613122	4.903387	2.71156	2.634622	3.378418	2.91799	1.843989	1.962966	4.482647	2.102009
140	0.1647913	1.451965	-0.03054003	0.361483	1.217521	0.9501708	0.2152004	0.9205551	0.1002136	1.059324	0.5428559	-0.09215184	2.154538	0.3238384	0.4932266	0.230462	0	0.8571435	1.394111	0.5912802
141	0.7927172	2.469322	1.278596	1.027755	4.644518	1.819565	1.437614	1.65809	1.200811	1.403661	1.202901	0.6400511	2.857244	1.029325	1.613951	0.84689	0	1.813811	3.087594	2.768256
142	3.839909	4.718189	4.051331	4.472071	1.87054	5.138929	3.876708	0	4.051331	1.098816	0.874967	3.351655	4.104147	4.297448	4.086026	4.122825	3.367842	1.451892	3.805214	2.097473
143	3.491393	4.973897	1.09604	3.186623	4.973897	0	3.518375	4.132417	2.440044	4.243086	4.973897	0.5380184	4.973897	2.889467	3.920994	3.465559	3.546613	3.416973	4.132417	3.640182
144	4.194758	4.020135	2.883951	4.130805	3.926566	0	3.505826	3.845512	3.463947	5.107733	3.652211	3.710064	4.551545	3.845512	3.535441	2.186738	3.884687	4.194758	4.686993	4.130805
145	3.452418	5.172178	5.172178	5.172178	5.172178	5.172178	1.634008	5.172178	5.172178	2.762211	5.172178	3.909957	0	3.417722	4.441367	2.903413	2.392208	3.909957	5.172178	5.172178
146	0.5493013	1.523125	0.4694942	0.3544737	3.88546	0.9414645	0.5779839	1.464147	0	1.621531	1.164278	0.5599783	0.8172863	0.585867	1.048108	0.8016765	0.4760801	1.412972	0.01067169	1.137445
147	1.094782	2.607701	1.147183	0	2.159978	0.9334236	1.094782	1.787274	0.1047596	2.29763	0.7689433	-0.09576689	2.542369	0.5561885	1.215575	0.9281983	0.9238781	1.560505	2.097346	1.520103
148	2.83351	4.822737	4.822737	4.401997	2.358048	4.822737	3.981256	1.958608	4.822737	0	1.609701	4.401997	3.523717	2.424332	3.367215	4.401997	4.06231	1.118484	4.155879	3.265813
149	3.173699	3.71452	3.256981	4.135261	4.976741	2.389294	3.158332	3.999812	3.999812	3.451771	4.135261	1.147725	3.189467	2.954093	2.378001	1.306465	0	2.006021	4.976741	3.999812
150	0	1.804984	0.542763	0.1283787	1.21918	0.6885738	0.19411	0.6202142	-0.2867449	1.2224	0.517984	-0.2176642	2.821088	0.134802	-0.02552835	0.7048701	0.1620412	0.9730626	1.279931	0.6421563
151	1.293356	2.969961	3.811442	2.254518	0	3.922111	0.9922967	0.590326	2.575055	1.059429	0.4222597	3.022777	3.390702	1.465853	2.670092	2.204736	1.250201	1.526045	0.3670399	0.2084262
152	2.195445	4.611112	4.611112	3.634183	3.009204	3.698137	4.611112	1.859824	3.277396	0	0.4867977	4.611112	3.429944	3.523514	4.190372	3.193539	2.267649	1.465769	2.567163	4.611112
153	1.738025	2.561539	3.069141	2.055963	3.444898	2.073817	0	3.228396	2.77804	1.592758	2.672208	2.289026	2.924426	0.7106299	0.682218	2.367012	2.371927	2.199158	2.722821	1.49104
154	0.8710242	1.350527	0.7669502	0.7444198	2.240593	0.6325231	1.039123	2.134761	0.541587	1.277306	0.5929651	0	2.690949	0.9198625	0.7444198	0.769506	0.7530825	1.027259	1.152995	1.275338
155	0.8753635	1.212247	3.852865	1.830217	1.94962	1.499893	2.115509	1.20061	2.209079	0.6307468	0	2.425581	3.238823	1.509402	1.954035	1.354257	1.106492	0.6490496	0.1554402	3.296677
156	5.139312	4.718572	1.097121	1.469994	4.718572	0	4.718572	4.718572	4.297832	5.385429	4.297832	4.718572	5.139312	4.718572	4.964689	5.385429	5.139312	5.139312	4.718572	4.718572
157	5.20782	5.20782	0	4.787079	5.20782	4.294845	5.20782	3.650896	5.20782	5.874678	4.787079	4.540962	5.62856	5.20782	5.874678	5.874678	4.540962	5.62856	5.20782	5.20782
158	1.183158	1.916299	0.4040823	1.350843	1.162579	1.495559	0	1.871316	0.4277346	0.6708446	0.4890145	-0.1528789	1.569978	0.8857768	1.1213	1.178524	0.1924328	1.519366	1.332723	0.8987382
159	0.1805898	0.6737477	0.2488639	1.266346	0.9282375	0.6162724	0.4918922	0.4276303	-0.2050211	1.388153	0.6031779	-0.006812642	2.332263	-0.0698173	-0.03115787	0.3195845	-0.2790082	0	1.744939	0.3926273
160	2.797467	3.808127	2.567981	4.989295	3.480956	3.808127	2.368579	4.322437	3.655579	3.633504	3.727073	2.945346	2.857786	3.533772	4.568554	1.613961	0	4.012366	4.989295	3.727073
161	4.411058	1.939432	2.656603	4.236435	2.838766	3.815695	0.6259781	1.974939	2.044608	2.132734	3.815695	0.5207482	2.623784	0.6307514	0	2.438604	2.048723	2.582616	4.236435	2.203044
162	1.802534	1.052903	2.877352	2.941306	1.704919	4.139573	2.161909	0.9345201	4.028904	0	1.764975	3.854281	1.514021	3.0128	2.964214	2.008669	2.225863	1.217591	3.718833	2.976001
163	2.41845	3.516082	0	1.890784	4.000776	2.689969	3.690705	3.269964	3.311843	3.897647	3.333918	1.20409	4.493011	2.630702	3.276747	1.890089	2.864592	2.518271	4.493011	3.732583
164	5.288712	1.543758	4.867971	4.867971	4.867971	1.972166	4.867971	4.867971	4.867971	5.534829	4.867971	4.867971	5.288712	4.867971	0	2.12988	5.288712	5.288712	4.867971	4.867971
165	4.827451	2.652255	4.406711	4.406711	1.526537	4.827451	4.406711	4.406711	4.406711	2.711233	4.406711	4.406711	4.827451	4.406711	5.073568	1.921443	4.827451	4.827451	0	1.130026
166	4.295187	3.564375	3.085782	0	3.207589	1.645499	4.541304	3.564375	1.945368	3.420887	4.541304	3.564375	3.780877	3.699824	4.026995	4.120564	4.962045	3.11402	3.279083	3.874447
167	3.058415	3.899895	2.812298	2.502226	3.899895	3.233038	3.479155	2.922967	2.718728	1.660746	3.233038	2.812298	0	2.180135	3.058415	1.57591	0.426672	2.56618	3.899895	3.899895
168	1.004019	4.401136	1.490091	0	4.401136	0.07829041	4.401136	4.401136	4.401136	5.067994	4.401136	4.401136	4.821876	4.401136	5.067994	5.067994	4.821876	0.765076	4.401136	4.401136
169	2.875168	1.822265	3.202339	2.826582	1.201766	2.100458	3.295908	1.594269	3.121285	0	2.535481	3.716649	1.289741	2.22541	2.129368	1.723616	2.850389	1.686817	2.208311	2.507244
170	2.701374	4.114031	1.503518	1.8711	4.288654	2.475325	2.747497	2.545545	1.471458	3.668512	3.235752	0	2.551299	1.996267	2.494322	2.172437	1.882517	3.588978	3.398588	2.932864
171	-0.3573269	0.9942023	-0.3332228	0	1.327663	-0.007855759	0.02991981	0.4781072	0.3728098	1.867807	1.384434	0.7215564	3.010625	1.183605	0.4187163	-0.3691396	0.5893115	1.026326	2.437337	0.6828809
172	0	1.465144	2.16282	3.845781	1.480357	1.674815	0.9735771	2.153409	4.687262	2.792879	3.130338	1.050443	1.807088	3.425041	1.80885	1.043903	2.172379	1.137597	0.8626851	0.9816526
173	0.96761	1.347456	0.1811852	1.478323	0.8589116	2.149762	1.130219	0	1.482904	1.557857	1.53572	-0.04652292	0.8475046	2.014314	1.865045	1.166429	0.7211648	1.032987	2.991243	1.203968
174	0.2567357	1.198969	-0.8272812	0.609962	-2.087704	1.1054	1.330217	3.374165	-0.4923646	0.5302411	0.8788649	0.9995673	0	1.555756	1.344334	0.9344007	0.8219169	1.098216	2.397237	1.691204
175	1.587502	2.456789	-1.75622	0.6308386	1.634579	-0.3109982	1.38197	2.742081	2.631412	0.5646408	3.298269	0	1.527182	1.435961	2.385294	1.781558	1.098294	2.263487	3.71901	0.4260649
176	4.061287	4.996337	0	5.663195	3.662622	4.106271	3.003305	5.242455	5.663195	3.709337	4.482028	3.90874	3.721601	5.663195	4.426808	3.419008	4.902768	4.996337	4.575597	3.980234
177	0.6538379	1.365725	0.4798096	0	1.522679	1.655645	0.9150031	1.104432	1.007659	1.077558	1.68094	0.6762434	1.62544	0.01975496	1.904867	0.9618647	1.447877	0.7679651	1.984588	0.113185
178	0.9604303	2.653176	2.063913	2.852578	2.730771	2.759009	1.647789	2.338268	0.8016924	0.7562984	2.759009	1.78208	2.352895	0.53969	0	1.934628	2.375519	2.493921	3.630105	1.598847
179	3.317539	3.439346	0	4.947684	3.827267	4.106204	3.264723	3.931581	4.637613	3.806334	4.773061	2.883157	3.570593	4.433374	4.216873	3.766517	3.530112	4.159019	4.012634	3.16041
180	1.50638	3.90186	3.607157	5.164081	5.164081	2.572375	3.376806	2.362703	5.164081	3.54789	4.076483	2.649198	3.941035	4.497223	4.43327	1.848393	0	3.630964	5.164081	4.187152
181	1.61413	2.069386	3.985686	4.406426	4.231803	3.706749	3.144205	3.516359	4.406426	4.406426	2.056607	3.985686	3.617761	4.231803	3.811063	1.064142	0	2.516522	4.096354	4.406426
182	0.5581069	1.064032	2.322247	0.5208455	3.26804	1.561819	1.539418	2.131856	0.6353049	2.139689	0	1.166714	3.769834	0.3885267	1.310149	0.7326329	0.349517	0.7994395	1.261873	2.576404
183	3.364906	4.37145	5.212931	4.546073	5.212931	4.966814	3.235266	5.212931	4.546073	3.542749	5.212931	4.37145	0	3.569144	3.739288	4.160028	3.879215	4.031764	5.212931	4.546073
184	0	0.5471044	2.104029	1.24197	0.7749826	0.6523238	0.6737611	0.5249717	1.006054	0.2670676	0.9318986	1.24197	3.060379	0.2451375	0.5639741	0.5031184	1.26517	0.5351474	0.8237638	0.378143
185	0	1.254134	2.267862	1.496691	2.009228	1.727041	0.5944594	0.8626519	1.906874	2.409666	0.8496773	0.9154678	2.231062	0.2226062	1.136561	0.2757782	0.5414428	0.899334	1.711673	1.149445
186	3.948522	3.86166	3.86166	5.505446	4.417849	3.687037	4.171731	1.49439	4.107777	3.190323	0	3.903539	4.243226	4.324279	3.408101	3.461498	3.86166	3.297432	3.401745	4.528518
187	0	3.052393	2.704874	2.999577	3.747488	0.5761597	3.141381	3.59494	3.284869	3.437417	3.666435	3.080631	2.652707	2.864129	3.530987	2.407383	3.666435	2.530251	3.473133	3.841058
188	0.3942626	0.9366273	0.1104115	0.5446992	1.056205	1.041695	0.3156816	0.2333647	0.2122819	0.9040201	0.5321833	-0.174623	1.80692	0.3042284	0.4954651	0.4269291	0	0.8232841	0.5404984	0.6681478
189	1.894949	3.242555	0.1997518	3.295371	3.909412	2.482128	3.909412	2.996438	3.242555	2.289703	2.467845	1.709437	2.932484	3.909412	3.417178	0.699179	0	2.050644	4.330153	3.569726
190	3.880233	3.337685	4.793208	4.793208	1.101301	5.213948	4.793208	1.119589	4.372467	0	1.086245	4.793208	4.372467	4.793208	5.460065	4.062396	2.078923	1.230544	4.12635	3.337685
191	0.9176846	2.104085	3.249536	3.249536	0.9664876	1.678763	0.1257131	4.226465	-0.3096881	1.74798	0.725094	0.3908512	4.647205	0.6972876	0	1.14964	1.14017	3.249536	0.5911653	-0.01044123
192	1.51595	3.749382	1.033365	0.3834594	4.170123	1.219041	0.2866805	1.495244	0	3.154019	0.9899899	0.03703556	5.011603	1.145073	1.092662	1.30419	1.170545	2.329367	4.590863	2.415667
193	4.389611	4.810351	3.96887	4.810351	1.57633	4.810351	3.722753	1.449189	3.833422	0	0.8514408	4.143494	4.389611	3.96887	4.50028	4.07954	4.389611	2.158096	4.810351	4.143494
194	4.469639	2.54056	4.469639	4.048899	0.9404618	4.890379	3.49271	-0.1042861	4.469639	0	0.1122619	3.382041	3.91345	3.288471	4.048899	3.874276	2.215501	0.5933144	2.365937	2.54056
195	0.732554	0.8399911	0.7117265	1.876263	0.2778806	0.9261671	0.2237892	0.5317079	0.3789611	1.187916	0.605894	0.04326513	3.511901	0.7021672	0.6912017	0.7645424	0	0.5554432	0.6834888	0.03058581
196	1.521386	4.613292	1.261766	4.613292	4.613292	0	4.613292	4.613292	4.613292	5.28015	4.613292	4.613292	5.034033	4.613292	5.28015	5.28015	5.034033	1.689834	4.613292	4.613292
197	4.990764	2.946815	3.142739	0	1.6515	2.58655	4.990764	3.657049	1.969887	2.49879	4.990764	4.570024	2.580797	2.160056	3.20349	3.482426	4.570024	3.172354	4.990764	4.013835
198	3.833934	2.166341	4.390123	4.390123	3.723265	4.144005	4.390123	2.053083	2.486878	0	3.056407	4.390123	1.381936	1.499483	3.302525	3.180718	2.9346	3.208955	2.571713	2.881784
199	2.888214	4.285883	3.198285	1.345461	1.673315	3.198285	1.641361	2.437858	1.875916	0	3.308954	2.163503	0.9706243	1.190264	2.056935	2.590405	2.70605	2.127787	3.865143	3.444402
200	1.877079	4.570187	3.236471	2.084919	4.149446	3.307966	3.903329	1.277242	2.137735	3.283187	3.307966	1.474568	4.013998	2.447807	2.815731	2.577154	0	3.434003	4.149446	3.114664
201	-0.2674178	0.2290176	-0.5833215	-0.287996	0.8243809	0.09356946	-0.8057645	0.5454448	-0.6797274	0	-0.08859403	-0.3780869	-0.9721407	-0.8057645	-0.2825763	-0.1214128	-0.4922346	0.1012048	0.5454448	0.07858105
202	0	0.5851614	-0.02023521	0.2359154	0.4744923	0.405501	-0.1375023	1.176045	0.09442741	0.9259734	0.5988024	-0.1208711	0.2026974	-0.2563193	0.2564936	0.05001651	-0.1576702	1.315973	1.714638	0.8312787
203	0.4513967	1.943547	3.310081	3.730822	3.730822	1.686873	0.7183751	3.730822	3.730822	2.521417	2.549654	0.9116766	2.970395	3.730822	3.420751	0	0.8122985	3.730822	3.730822	2.753893
204	3.463813	4.020001	3.599261	4.020001	4.020001	3.599261	4.020001	4.020001	2.838834	4.266118	4.020001	3.599261	3.773884	1.295399	0	2.783614	2.883817	4.440741	4.020001	4.020001
205	0.883792	2.376114	1.883879	1.369569	3.638335	1.790309	0.3480698	2.971477	0.7222938	2.796854	2.661406	0.1445991	4.059075	0	0.3235058	1.435668	0.8369564	3.217594	3.638335	3.638335
206	0.9403631	0.7294905	2.386618	-0.05857418	3.474216	3.474216	1.111881	0.4247207	0.9789158	0.4892664	0.8296939	1.351836	3.894957	0	1.107766	2.264811	0.2989332	0.7036568	3.474216	2.018694
207	3.78903	3.614407	3.368289	4.035147	3.368289	4.035147	4.035147	2.131902	3.614407	0	1.781009	4.035147	3.368289	4.035147	4.702004	3.614407	4.455887	4.455887	4.035147	4.035147
208	1.597159	0.7234411	3.60887	1.176419	0.813532	1.198903	1.36972	0	0.7447415	1.021424	0.09066325	0.7781628	3.60887	1.234272	0.9695584	0.813532	0.5455564	1.417043	1.093988	0.5358751
209	0.2842375	0.188264	0	1.388935	1.406531	0.6359866	0.8362252	0.7639562	1.792576	1.577199	1.424651	0.4551251	3.547031	1.503083	0.9510951	0.5877867	0.8833594	1.347057	1.263983	0.9427226
210	4.562915	4.388292	4.809032	4.142175	4.809032	4.809032	4.809032	4.809032	3.967552	5.05515	3.475317	4.809032	5.229773	4.809032	3.792929	5.05515	5.229773	5.229773	0	4.809032
211	4.202642	2.736183	3.425116	3.781902	4.758831	3.845856	3.201907	2.567004	2.655129	2.736183	0	1.308898	3.201907	4.338091	3.868764	3.115045	2.288932	2.294142	4.338091	4.091973
212	0.8441606	1.307547	1.08493	0	3.292945	1.211787	1.705664	1.516414	1.043761	2.906899	0.7406963	1.895275	2.451464	1.875372	1.831322	1.123395	2.172528	1.319184	2.402878	-0.1022925
213	0	2.354543	1.250314	0.7898859	3.862881	1.064515	3.862881	3.862881	1.671054	1.791647	3.0214	1.72238	1.959636	2.885952	1.06351	0.4311107	0.9518362	1.266945	3.196023	2.681714
214	4.176269	2.731884	0	4.311717	4.065599	5.153197	4.732457	4.732457	4.311717	5.399314	4.732457	2.829212	5.153197	4.311717	5.399314	3.012696	3.365923	4.732457	4.732457	4.311717
215	0.3064364	1.622298	3.104802	2.858685	2.437944	3.525542	1.271404	0.7063972	0	0.4787152	0.4152963	1.242494	3.946283	0.007335437	0.5693946	1.447675	1.677517	1.01066	3.525542	2.127873
216	3.263305	4.298087	3.877347	4.298087	4.298087	4.718827	4.298087	3.210489	4.298087	4.123464	4.298087	3.210489	4.298087	3.631229	4.123464	3.702724	1.689635	0	4.298087	4.298087
217	0	3.172436	1.910215	4.013916	3.593176	2.877733	3.593176	4.013916	4.013916	4.680774	4.013916	4.013916	3.172436	3.347059	4.680774	1.984085	3.457728	2.877733	4.013916	3.593176
218	0.07489107	0.2196066	0.6723017	2.864129	1.601908	0	0.6403469	1.35579	0.9102712	2.268765	0.723628	-0.7588767	0.9478295	0.2196066	1.37289	0.7118412	0.3210084	1.530414	2.443388	-0.287996
219	0.883022	1.97062	-0.4015451	2.280691	1.044304	1.390625	-0.2244794	2.280691	0.5262355	1.439211	0.6645004	0.07267639	0	0.2229466	1.827132	0.3082369	0.4572443	0.5433353	2.947549	0.6505457
220	4.234832	3.814092	3.814092	3.814092	3.814092	4.234832	3.814092	3.814092	3.814092	0	3.814092	3.814092	3.567975	3.814092	4.480949	4.480949	4.234832	4.234832	3.393352	3.814092
221	3.621451	3.200711	3.200711	3.200711	3.200711	3.621451	3.200711	-0.9605224	3.200711	0	1.223046	3.200711	3.621451	3.200711	3.867568	3.200711	3.621451	1.310807	3.200711	3.200711
222	4.233698	3.812958	3.812958	3.812958	3.812958	4.233698	3.392217	3.812958	3.812958	4.479815	3.812958	3.812958	4.233698	3.812958	0	3.812958	4.233698	4.233698	3.812958	3.392217
223	1.842924	3.433894	3.854635	3.854635	3.854635	4.275375	2.252727	3.854635	2.036225	2.767036	2.673467	3.854635	3.433894	2.767036	2.146894	0	2.673467	2.4881	3.854635	3.187777
224	0	1.405709	2.382638	0.8103456	3.049495	2.382638	0.9650652	1.405709	0.4128056	3.716353	1.868328	1.262221	3.470236	1.541157	0.7039064	1.211183	1.216098	-0.7953441	3.049495	1.026847
225	3.11743	1.29902	3.11743	3.11743	0.8343812	3.53817	3.11743	1.214185	2.696689	0	0.9950495	3.11743	3.53817	3.11743	1.530149	2.696689	-0.7203674	0.5835766	3.11743	2.696689
226	3.572865	3.152125	3.152125	2.731385	3.152125	3.572865	3.152125	2.731385	3.152125	3.398242	3.152125	3.152125	0	3.152125	2.031708	2.731385	3.572865	3.572865	3.152125	3.152125
227	0	2.07456	1.285895	1.13951	2.741418	2.495301	1.058456	2.320678	1.899937	1.688515	2.320678	1.285895	0.9080198	1.65382	1.806368	1.267775	1.479197	1.605234	2.741418	2.320678
228	1.69795	2.920996	0.9433313	2.920996	2.920996	0	1.319088	2.920996	1.944067	3.587854	2.500256	1.238035	3.341736	2.920996	2.079515	1.587281	1.364072	2.920996	2.920996	2.920996
229	5.211005	3.528044	4.123407	4.790265	1.621509	4.369524	3.702667	4.790265	4.790265	4.275955	3.702667	3.948784	3.609097	3.948784	3.948784	4.123407	4.369524	4.369524	0	3.702667
230	1.403659	2.712796	2.712796	3.473223	0	3.473223	0.7765342	1.654814	1.871316	2.917035	1.046316	2.631743	3.337775	2.917035	2.198487	1.948254	1.710395	1.610915	1.332723	-0.5312439
231	4.900934	1.047006	4.059453	4.480194	3.503265	3.503265	3.813336	0	3.638713	1.436046	1.605321	2.661784	4.234076	3.638713	4.170123	3.691529	3.392596	1.253584	3.813336	3.392596
232	0	0.1933014	-0.4735563	0.6140417	-0.2989332	-0.05281591	-0.05281591	0.3679244	-0.1463854	0.09973195	-0.05281591	-0.1463854	0.05785328	0.1933014	0.1447155	-0.174623	-0.2989332	0.3679244	0.6140417	0.05785328
233	0.624979	-0.08105356	0	1.181167	0	0.7604271	-0.3271709	-0.2165017	0.3396868	0.09356946	1.181167	-0.274355	0	0.3396868	0.09356946	0.3925027	-0.1853667	0.7604271	1.181167	-0.3757568
234	0.2165017	0.7308115	0.7308115	0.3100711	0.5561885	0.8414807	-0.3220913	0.1354481	0	0.7308115	0.3100711	-0.2461173	0.4207403	0.2165017	0.8023058	0.7308115	0.174623	0.4846942	0.06395383	0.2165017
235	3.122172	2.701432	2.701432	2.701432	2.701432	3.122172	2.701432	2.701432	2.701432	3.368289	2.701432	2.701432	3.122172	2.701432	3.368289	0	3.122172	3.122172	2.701432	1.245909
236	2.000573	2.913548	2.913548	2.913548	2.913548	0	2.913548	2.913548	2.913548	3.580406	2.913548	2.913548	3.334288	2.913548	3.580406	3.580406	3.334288	2.913548	1.356624	2.913548
237	0	2.920996	2.920996	2.920996	2.920996	2.674879	2.920996	2.920996	2.920996	3.587854	2.920996	2.920996	3.341736	2.920996	3.587854	1.904892	3.341736	3.341736	2.920996	2.920996
238	4.737676	2.760011	1.565647	4.316936	4.316936	0	4.316936	4.316936	4.316936	4.006864	4.316936	4.316936	4.737676	4.316936	3.52827	2.194555	4.737676	3.760747	3.650078	4.316936
240	3.822345	4.663826	3.061918	0	4.663826	1.9191	3.208304	4.663826	2.339841	4.149516	4.663826	4.663826	4.417709	3.266157	5.330684	3.512274	5.084567	3.482659	4.663826	2.541446
241	4.482835	0.8369788	4.062095	4.062095	4.062095	2.553756	4.062095	4.062095	4.062095	4.728952	4.062095	4.062095	4.482835	4.062095	0	2.489803	4.482835	4.482835	4.062095	4.062095
242	5.195259	4.774518	4.774518	4.353778	4.774518	0	4.774518	4.774518	4.774518	5.441376	4.774518	4.774518	5.195259	4.774518	5.020636	5.441376	5.195259	5.195259	4.774518	4.774518
243	0.4991292	3.936019	4.35676	3.269161	4.35676	1.924308	4.35676	4.35676	4.35676	3.936019	4.35676	3.515279	4.35676	4.35676	5.023617	0	3.936019	4.35676	4.35676	4.35676
244	4.948442	4.106962	4.527702	4.527702	4.527702	4.527702	3.686221	4.527702	4.527702	5.19456	4.527702	4.527702	4.948442	4.527702	0	4.527702	4.948442	4.948442	4.527702	4.527702
245	1.154408	4.231233	3.564375	4.231233	2.969012	0	4.231233	4.231233	4.231233	3.17833	2.23066	4.231233	3.810493	3.564375	3.810493	1.911662	3.675045	2.629325	3.810493	4.231233
246	4.039071	3.10402	4.285188	3.308259	4.285188	3.308259	3.443707	0	4.285188	1.91465	4.285188	3.308259	3.308259	2.829665	4.285188	4.110565	3.443707	0.3654525	3.864448	2.307523
247	2.085155	0.1947518	3.664988	2.48382	3.664988	2.99813	2.48382	0	2.156649	1.67959	3.244247	3.664988	2.06308	2.402767	2.228144	2.729938	2.156649	-0.4357641	3.664988	3.244247
248	0	4.28779	4.28779	4.28779	4.28779	3.025569	4.28779	4.28779	4.28779	4.954648	4.28779	4.28779	4.70853	4.28779	4.954648	3.446309	4.70853	4.70853	4.28779	4.28779
249	0	-1.172648	2.254138	2.254138	0.4061131	2.674879	2.254138	0.4061131	2.254138	-0.2174879	0.2764736	2.254138	2.674879	2.254138	2.920996	0.1441463	-0.7165813	-0.1264996	2.254138	-2.094847
250	3.834519	3.413779	3.413779	3.413779	3.413779	3.834519	3.413779	3.413779	3.413779	0	-1.029781	3.413779	3.834519	3.413779	4.080637	4.080637	2.85759	2.047245	3.413779	3.413779
251	3.974769	3.133288	3.554029	0.9580923	2.5771	0	3.554029	3.554029	3.554029	2.5771	3.554029	3.554029	3.133288	3.554029	1.496284	3.554029	3.974769	3.974769	2.712548	2.712548
252	3.024009	3.444749	3.444749	3.024009	3.444749	3.444749	2.777892	3.444749	1.467085	1.774567	3.444749	2.777892	0	1.842842	1.774567	1.116381	3.024009	3.86549	3.444749	3.444749
254	4.492548	4.071807	0	4.071807	4.071807	4.492548	2.195544	4.071807	4.071807	4.738665	4.071807	1.673402	4.492548	4.071807	4.738665	4.738665	4.492548	4.492548	4.071807	3.230326
255	0.138044	3.558361	1.8754	-0.2816114	2.160692	0	3.558361	2.470763	1.137048	1.334579	2.470763	1.261358	2.191827	1.914575	0.9853333	1.25223	1.978529	1.177724	2.581433	0.5899194
256	0.01824177	0.554195	-0.1665832	0.436928	1.405709	0.3014798	0.554195	1.262221	0	1.813108	2.628755	1.048923	3.470236	2.072567	0.2093182	-0.1082238	-0.3565646	0.8103456	3.049495	0.2602577
257	0.7022966	3.973463	1.369154	2.517941	3.973463	2.996534	0.6341994	3.306606	3.131983	3.973463	2.019606	2.0972	0	2.996534	1.821176	1.936532	0.9442706	3.973463	3.973463	3.973463
258	1.46759	1.100331	2.466865	2.009326	3.729086	3.729086	3.308346	2.273564	3.729086	0.979978	2.641488	2.641488	1.881061	1.588585	1.931255	0	0.1750577	4.149827	3.729086	3.729086
259	4.10894	4.10894	4.10894	4.10894	4.10894	2.927773	3.26746	4.10894	1.633875	4.355058	3.6882	4.10894	3.26746	4.10894	0	4.10894	3.862823	4.10894	4.10894	4.10894
260	4.395944	4.395944	3.975204	4.395944	4.395944	4.816684	3.729086	0	4.395944	1.590572	4.395944	3.419015	3.419015	4.395944	5.062802	5.062802	3.975204	0.6446739	2.794036	4.395944
261	4.333292	3.912552	4.333292	4.333292	4.333292	4.333292	3.912552	1.333715	4.333292	3.022485	4.333292	3.912552	3.777104	4.333292	5.00015	4.333292	4.087175	0	4.333292	3.491812
262	1.089941	1.135249	4.351328	4.351328	4.351328	2.193232	4.351328	1.440283	4.351328	3.68447	4.351328	4.351328	4.772069	4.351328	4.597445	3.26373	1.97673	0	3.930588	4.351328
263	3.967772	1.869514	3.75127	4.728199	2.643769	5.148939	4.728199	0	3.547031	1.707322	2.295748	4.728199	5.148939	4.728199	4.728199	4.728199	3.33053	1.422029	4.728199	4.728199
264	5.290838	4.449357	3.893169	4.870097	1.439036	5.290838	3.414575	2.993834	3.313173	2.520278	4.20324	4.028617	4.870097	4.870097	5.536955	4.355788	4.20324	5.290838	4.870097	0
265	1.74437	1.339261	3.552577	4.219435	1.754746	4.640175	3.242507	0.5084301	4.219435	1.187496	0.9708573	3.798695	2.821766	3.131837	3.798695	2.128513	0	2.106323	4.219435	4.219435
266	0.5838651	1.608913	2.666895	2.39254	2.339724	2.666895	0.03586232	1.362795	0.4475765	2.116515	1.158557	0.8572196	3.181205	0.6259441	1.125738	1.153758	0	1.544201	2.204276	1.260616
267	1.573262	2.768712	1.264604	1.174074	3.610193	0	3.01483	4.27705	4.27705	2.284018	1.475673	1.77188	2.443653	1.231562	1.485773	2.646905	2.323193	3.300122	1.878646	3.610193
268	3.240719	3.024217	4.001146	4.001146	4.001146	2.377938	3.334288	4.001146	4.001146	4.668004	4.001146	1.84305	4.001146	4.001146	4.668004	0	0.330391	4.421886	4.001146	4.001146
269	0.3327097	1.61971	0.4103045	1.373592	2.707308	1.251785	-0.05689561	0.7067347	0.8040627	0.7104932	1.61971	0.03242908	-0.1044977	0	0.3745884	-0.1640047	-0.2791208	1.700763	3.128048	1.730379
270	0	0.83182	4.016764	3.349906	4.016764	1.59545	2.372977	4.016764	1.932333	1.965878	3.039835	1.824936	4.437504	2.561241	0.9162297	1.074751	1.215385	2.12686	4.016764	2.835596
271	2.828594	4.195128	3.013961	4.195128	3.774388	3.774388	3.52827	3.52827	3.774388	3.599765	3.353647	2.347103	0.8658565	3.10753	4.195128	1.049786	0	4.615869	4.195128	4.195128
272	2.876392	3.636819	3.144584	3.636819	3.390702	3.501371	2.723844	1.06892	3.811442	0.9365695	0	3.216079	2.795338	3.144584	3.501371	3.588233	2.945182	3.390702	4.057559	3.216079
273	1.347344	3.42356	0	0.8519933	3.844301	3.212138	1.71582	2.370657	3.844301	3.621092	4.090418	2.214155	2.867372	1.882403	3.055636	2.08611	2.235209	3.288112	3.844301	3.329991
274	0.5066552	3.516976	0.5655032	0	1.179936	1.827724	1.413274	1.370553	3.096236	2.974428	2.254755	1.439108	3.627645	1.179936	2.161185	1.659391	1.735049	1.992006	4.183834	2.119307
275	1.372181	1.105611	2.946367	3.787848	3.787848	3.12099	2.60668	0.9745669	1.490844	1.000657	3.787848	1.091158	2.525626	-0.1547787	0	1.409216	1.401229	0.869324	3.787848	3.787848
276	3.071016	3.966892	1.971965	2.600357	4.808372	5.229113	3.300034	4.141514	4.808372	4.498301	4.808372	0	4.562255	4.387632	4.808372	2.394599	1.727742	4.808372	4.808372	4.808372
277	0.6764169	0.8806556	0.3839412	0.1260371	0.9913247	0.9446094	0.5467774	0.0291416	-1.511492	0.6764169	0.6345382	-0.2202836	3.365923	1.301396	0	0.04086334	0.2740164	0.3326149	0.7371676	0.2629461
278	0.4619722	1.11921	3.529177	1.260412	1.57532	2.552248	1.57532	-0.8952019	0.9004221	0.8977656	0.3670191	1.741903	3.28306	0	0.8898653	1.315861	0.9906728	0.7188505	0.6759856	1.528604
279	5.25877	4.83803	4.83803	4.83803	1.327248	5.25877	4.83803	0	4.417289	2.424257	4.83803	4.83803	5.25877	4.83803	4.527958	4.417289	5.25877	1.944802	4.83803	4.83803
280	0	3.399141	3.113848	4.37607	3.709212	2.9784	2.398405	4.37607	2.152288	4.201447	3.113848	3.288471	3.239886	1.989451	1.947308	1.713655	2.796237	2.499807	4.37607	3.709212
281	0.60656	1.681379	0.8030987	0	0.8927138	1.371307	1.762432	0.6796708	0.6894614	0.4800746	0.989742	0.2939113	2.697482	0.35048	0.7952155	0.570352	0.7382529	1.299813	2.633528	3.189717
282	5.306161	4.04394	3.429898	4.88542	4.88542	5.306161	3.328496	0	4.88542	3.098146	2.884848	3.704253	3.850638	4.88542	4.710797	3.995354	3.972445	2.753912	4.88542	3.908492
283	2.153381	4.5032	3.836342	4.082459	4.5032	0	4.5032	4.5032	4.5032	4.749317	4.5032	4.5032	4.92394	4.5032	5.170058	4.328577	4.257082	4.92394	4.5032	4.5032
284	0	2.665286	1.509414	0.9769288	1.535809	1.535809	0.8340065	1.607303	1.688357	0.8311833	2.665286	1.303333	4.267194	1.802505	1.099532	0.7877105	1.190369	0.7949643	3.846453	1.381764
285	-0.9358646	2.547702	0.9907773	2.968442	2.968442	3.389182	0.364133	0.8460618	2.968442	0.9106973	2.968442	-0.8736987	2.722325	1.014584	0.04909324	0	-0.2100783	0.8369339	2.968442	-0.1903901
286	1.181406	0.967922	2.337996	2.216188	3.25097	4.092451	1.568009	0.2734687	3.671711	0	0.618235	1.95195	2.069803	2.584113	2.384711	2.736661	0.2135751	0.2723457	2.83023	3.004853
287	1.912183	2.468371	3.100534	2.340107	0.824585	4.608872	2.400857	0	3.006964	1.567417	1.430352	2.468371	2.586224	2.047631	2.505171	2.544345	0.9032628	0.5896791	3.767392	1.430352
288	1.160696	3.604084	1.070231	0.7849392	3.604084	2.341863	1.70084	3.604084	0	2.293278	2.341863	-0.2001063	4.024825	0.6132415	1.267045	1.434535	1.144651	2.937227	3.604084	2.148562
289	4.158027	2.895806	3.737286	3.737286	1.783429	4.158027	0	3.737286	0.2099237	3.562663	3.316546	-0.06575159	4.158027	2.760357	2.067104	1.808208	1.198782	4.158027	2.0935	0.7420605
290	4.96307	4.542329	4.542329	4.542329	4.542329	4.96307	4.542329	4.542329	4.542329	5.209187	4.542329	4.542329	4.96307	4.542329	5.209187	5.209187	4.96307	4.96307	0	4.542329
