"residue","position","cor.spearman","cor.kendall","cor.pearson"
"HIS",26,0.43957556380638,0.331220322422255,0.447584181971794
"PRO",27,0.768546598650736,0.623583369533849,0.767426490207949
"GLU",28,0.603777883802302,0.447571067456937,0.429680679707523
"THR",29,0.609633345750669,0.492163469167283,0.425958783440689
"LEU",30,0.116714570734214,0.0822612745660623,0.179712430575205
"VAL",31,0.717783924183654,0.546848299074759,0.709646133824495
"LYS",32,0.631314284719527,0.447773662839645,0.700745443179453
"VAL",33,0.429539224543774,0.314412788932849,0.522696617503705
"LYS",34,0.785379308109751,0.600244231882374,0.708718975230258
"ASP",35,0.854705678909504,0.696994772997826,0.781777198579492
"ALA",36,0.162488445896985,0.133937351895448,0.155971425679886
"GLU",37,0.563777290955371,0.484191700391537,0.716361273422308
"ASP",38,0.868351074788763,0.720740829325241,0.833986638489648
"GLN",39,0.844294217023346,0.699717988305213,0.809738230112083
"LEU",40,0.0182619164133332,0.00571493888748489,0.0801047239555637
"GLY",41,0.816853909947722,0.63719309286431,0.848715393474462
"ALA",42,0.236072081255301,0.18391174353957,0.509016349690414
"ARG",43,0.079296608914654,0.0702620844119782,0.0933372111921762
"VAL",44,0.621340759034168,0.497402866892568,0.692417909374781
"GLY",45,0.331547378397323,0.281832271802626,0.666500693072875
"TYR",46,0.0694589939918793,0.0265887869481675,0.196594589197052
"ILE",47,0.228469139146753,0.188592983287001,0.199306955439065
"GLU",48,0,-0.00629067689123365,0.0295594099093859
"LEU",49,0.382872879814371,0.279807216297361,0.521222670038141
"ASP",50,0.723933639011846,0.612008469877195,0.813275838529636
"LEU",51,0.436093237368882,0.353063364868388,0.436852285680915
"ASN",52,0.892397706818957,0.755755015975269,0.823735655151247
"SER",53,0.403581863971583,0.352147606136882,0.541389215680187
"GLY",54,0.283235744813641,0.220479275922049,0.360034249641351
"LYS",55,0.236883567829756,0.19389168358237,0.177694413402816
"ILE",56,0.456541759613794,0.282940632751908,0.391359151287464
"LEU",57,0.388811960341022,0.287390596393861,0.357983248508688
"GLU",58,-0.187351747880446,-0.0942874294656273,-0.0414200215683438
"SER",59,0.531533074684087,0.456381641359418,0.465524894647243
"PHE",60,0.662711564835769,0.552328680889956,0.702336191155701
"ARG",61,0.757217978115499,0.639064442247054,0.746611232789182
"PRO",62,0.716305433337891,0.592600293267116,0.659017650007016
"GLU",63,0.650620491360633,0.501826569534291,0.707435615510957
"GLU",64,0.711451934591466,0.585302845992389,0.69145219122378
"ARG",65,0.304750401177002,0.246857227573605,0.28686253402335
"PHE",66,-0.0230891504053787,-0.0303790653707018,0.486990883840516
"PRO",67,0.433403101593561,0.337409875925024,0.45966461577402
"MET",68,0.143933357852406,0.0897534106446178,0.39232773566247
"MET",69,0.816362674669296,0.65372850295856,0.827873678266223
"SER",70,0.377964473009227,0.316227766016838,0.364305106388869
"THR",71,0.53776315939273,0.433932645970222,0.597532511455533
"PHE",72,0.297468116572362,0.227235222561751,0.313001465531328
"LYS",73,0.377964473009227,0.316227766016838,0.356262676526584
"VAL",74,0.710629177457002,0.572672673468543,0.695698201663014
"LEU",75,0.555061298385727,0.432872979807367,0.601730525311741
"LEU",76,0.341553467639183,0.285342124229418,0.445518795314232
"CYS",77,0.65811690419258,0.542953738001597,0.675386497575285
"GLY",78,0.622835875894996,0.538815906080325,0.814345913412855
"ALA",79,0.27023938075603,0.227895257202221,0.231940439743408
"VAL",80,0.58673404639412,0.477721685677626,0.669508662295904
"LEU",81,0.493567647396374,0.417436462912609,0.736604654703518
"SER",82,0.587848092862603,0.461688582985622,0.505565252623392
"ARG",83,0.560076475617733,0.437958833804343,0.555061554182582
"ILE",84,-0.0639375477109272,-0.0567998480492497,0.00985416542678537
"ASP",85,0.590901145114367,0.462848716987711,0.619545187414486
"ALA",86,0.767359421440315,0.60954761942023,0.698766248801825
"GLY",87,0.238875914903971,0.201504408998011,0.257602231444551
"GLN",88,0.380201844916238,0.309080452725473,0.366543600457193
"GLU",89,0.462032224641764,0.336457321296251,0.443714801068597
"GLN",90,0.669962558930426,0.467639997601353,0.420365194701919
"LEU",91,0.278038708499274,0.204452397758276,0.352356078223433
"GLY",92,0.794062403491183,0.652928625099011,0.799936491173823
"ARG",93,0.816289683115173,0.641426980589819,0.7943587085718
"ARG",94,0.650243075930889,0.483984270766796,0.709585858044132
"ILE",95,0.342996703932785,0.265207330648429,0.540246850872177
"HIS",96,0.250573567238385,0.169043415959729,0.414404528370029
"TYR",97,0.266837284412275,0.201616086917308,0.539903785772395
"SER",98,0.819469711721552,0.636418201305761,0.768858358241704
"GLN",99,0.84428127619721,0.702462201871223,0.782711314069669
"ASN",100,0.90216724174186,0.744871238090658,0.932875000189723
"ASP",101,0.280611319254934,0.213239660682605,0.305919555666141
"LEU",102,0.621501983646457,0.531428126882791,0.757617103749634
"VAL",103,0.232621360055207,0.146254484825426,0.378856233934368
"GLU",104,0.612827251249386,0.422664948550053,0.510419462995545
"TYR",105,0.748913250858421,0.594874438924824,0.822307779905163
"SER",106,0.454973868884455,0.388297648877778,0.612460872156825
"PRO",107,0.378106645093627,0.317063243737114,0.729388109308301
"VAL",108,0.414082113269562,0.349547647780278,0.645955987480762
"THR",109,0.701856501131148,0.595856650308037,0.756859059973494
"GLU",110,0.545826485585346,0.442012217747381,0.51977298371442
"LYS",111,0.715770198056171,0.572895945978522,0.783130227086167
"HIS",112,0.386080118705669,0.284361115518875,0.223643386323553
"LEU",113,0.150339469451455,0.120889466002857,0.229388487078562
"THR",114,0.460848852730623,0.369353955175883,0.531756504160805
"ASP",115,0.78073138078343,0.607758374126972,0.740986422788076
"GLY",116,0.0773610549593753,0.0545905893935129,0.224264542739012
"MET",117,0.281793707836514,0.224556937142511,0.487291118946574
"THR",118,0.406500744524949,0.341565025531987,0.630722345280722
"VAL",119,0.352220982465709,0.270633010151021,0.461756486360353
"ARG",120,0.65799114015976,0.480564256570609,0.659848035112426
"GLU",121,0.59139327055262,0.456030284335044,0.645784725351404
"LEU",122,0.417510929469908,0.344591040814546,0.552431139591813
"CYS",123,0.673914723546327,0.522537077933844,0.642984836280713
"SER",124,0.611079459509692,0.512989176042577,0.598943128633653
"ALA",125,0.526882016498819,0.44338154029665,0.695708689360808
"ALA",126,0.555998506548781,0.468781214277029,0.633012560514371
"ILE",127,0.355931770610547,0.287177099289406,0.529068600935004
"THR",128,0.322489298225952,0.224866981957041,0.337535388953953
"MET",129,0.125290842048611,0.0827354068761272,0.351945932029337
"SER",130,0.218821537005342,0.183079232957117,0.10519204564311
"ASP",131,0.379393455319664,0.321342293458576,0.794158985012343
"ASN",132,0.359313495334808,0.30719393081226,0.668318096425907
"THR",133,0.309330508397018,0.241876566670427,0.389401710375135
"ALA",134,0.288723765850986,0.243695641586848,0.631598681042332
"ALA",135,0.281285548073477,0.247202101665618,0.373991208561096
"ASN",136,0.303918430197546,0.257325117732833,0.657995154012659
"LEU",137,0.69294923055225,0.588796311708129,0.722468468980746
"LEU",138,0.369978513900114,0.303854184978421,0.532771899474664
"LEU",139,0.535584627736304,0.432789211450549,0.666121392159099
"THR",140,0.943148930336005,0.82764263921279,0.874627613101521
"THR",141,0.478746763638828,0.369461574311402,0.358242428993626
"ILE",142,0.411621800791761,0.337520050210205,0.521907199898106
"GLY",143,0.0920624173156054,0.0695608343640252,0.442300966983397
"GLY",144,0.287603916372405,0.243432247780074,0.655880623890766
"PRO",145,0.275913119101217,0.222688490799202,0.469049375862634
"LYS",146,0.94972901163806,0.848821898255723,0.91822901978663
"GLU",147,0.448479740802269,0.356348322549899,0.336585789888746
"LEU",148,0.70922139885552,0.583722654588722,0.652094558194439
"THR",149,0.02270031272641,-0.0071265139882828,0.220424298985981
"ALA",150,0.803743908905454,0.675694527492414,0.747329279943102
"PHE",151,0.438994840431559,0.307658597222999,0.309280680059533
"LEU",152,0.345756245354515,0.286998501216716,0.455462660806031
"HIS",153,0.572505234101181,0.482107709752765,0.542342474255776
"ASN",154,0.705838521143748,0.519053809977493,0.707279566264015
"MET",155,0.698721486628331,0.552073083020007,0.716311357769975
"GLY",156,0.0950555316824051,0.0811440825933579,0.512362808667741
"ASP",157,0.378534125891649,0.318754259696818,0.608560108549854
"HIS",158,0.824648012553022,0.630614318426605,0.726533608430591
"VAL",159,0.445084418891242,0.305910958879403,0.53944913451507
"THR",160,0.341044650717816,0.268249272054319,0.415493335445126
"ARG",161,0.67723868532782,0.517069972451662,0.702713321175447
"LEU",162,0.134213440932987,0.112808884676257,0.293903572783678
"ASP",163,0.560598356657575,0.450341001402115,0.574737852432481
"ARG",164,0.3653952462971,0.296956935458249,0.329014597179533
"TRP",165,0.139322719592659,0.0960130241032339,0.220500285502243
"GLU",166,0.377964473009227,0.316227766016838,0.375955204190844
"PRO",167,0.121503771536028,0.0879410016072989,0.413439369850476
"GLU",168,0.874797919126719,0.742188716810271,0.879891899485282
"LEU",169,0.050549324816903,0.0173421993904824,0.0303376650930516
"ASN",170,0.545451834079193,0.44897775854488,0.556620108744757
"GLU",171,0.444803329315909,0.373891171963715,0.521810146094688
"ALA",172,0.217511361355484,0.147956589329218,0.331386864402791
"ILE",173,0.712200014191804,0.52894230155141,0.599946762204202
"PRO",174,0.627996952896596,0.510114416838276,0.636843581975557
"ASN",175,0.625921545604132,0.521160166244283,0.624487284280235
"ASP",176,0.605891659918568,0.484953385595146,0.665730682118315
"GLU",177,0.373018817646896,0.2801601372736,0.41811153979736
"ARG",178,0.529973863729391,0.384114383548863,0.568183796170508
"ASP",179,0.522957788435021,0.448427203146441,0.821411087226595
"THR",180,0.522957788435021,0.448427203146441,0.732261223889764
"THR",181,0.518491701793406,0.419650995497272,0.631414458721448
"MET",182,0.317641455298399,0.271460251037912,0.421035700950917
"PRO",183,0.439388029104872,0.372683382509585,0.746554947354106
"VAL",184,0.76573810182715,0.604716254312901,0.763994577486735
"ALA",185,0.398685975245535,0.307076375154868,0.567481627753163
"MET",186,0.16954113317584,0.12427395320024,0.269476268645138
"ALA",187,0.226463296153573,0.184687153265842,0.400758130408847
"THR",188,0.461298321367678,0.364903745041468,0.526141085656346
"THR",189,0.478734227244403,0.415400667888199,0.545768741640809
"LEU",190,0.634236120886,0.522400403898285,0.700733742093291
"ARG",191,0.197925229261323,0.144984188886493,0.256211951643426
"LYS",192,0.537142565073326,0.473879102207274,0.522228510369772
"LEU",193,0.709319117480683,0.562118709534759,0.789680850839351
"LEU",194,0.734074330416584,0.586347214564173,0.722238462581764
"THR",195,0.373419267082478,0.26393075365417,0.379997753872222
"GLY",196,0.11708726305883,0.103799859221536,0.292858007994124
"GLU",197,0.779731526896436,0.61723937629668,0.626701534431428
"LEU",198,0.197737436983901,0.141195623681226,0.108641492065667
"LEU",199,0.330289129537908,0.278752045199139,0.685595607676402
"THR",200,0.383855318773125,0.309915199417582,0.375993931831785
"LEU",201,0.779243224245891,0.630669771673144,0.78592670534767
"ALA",202,0.765292667006955,0.616190516240302,0.770564524720872
"SER",203,0.655876512086731,0.481070235442364,0.575349718413834
"ARG",204,0.671002941680613,0.573026027048365,0.748222712584437
"GLN",205,0.879832904471806,0.756724242341534,0.823212585631894
"GLN",206,0.218806603713693,0.165857685772546,0.219620418192172
"LEU",207,0.0371449060222385,0.0348358051955896,0.342559587159829
"ILE",208,0.442077557977358,0.286309092263305,0.489002757723577
"ASP",209,0.783495862257864,0.583472435731968,0.676279156871828
"TRP",210,0.440759439497143,0.338229516099752,0.466228160100666
"MET",211,0.350324940737259,0.273151608529469,0.548087560084581
"GLU",212,0.372994723614752,0.323895006846544,0.407133272206028
"ALA",213,0.844110172275729,0.716497720831839,0.783899564250246
"ASP",214,0.67144830967606,0.568704425360594,0.682686270008509
"LYS",215,0.88809610916777,0.737567520945179,0.870765321147024
"VAL",216,0.53608538872508,0.443847457952568,0.583941388574878
"ALA",217,0.540738158820646,0.410391340834062,0.529786340275804
"GLY",218,0.867141310281931,0.718391251075584,0.817024330171704
"PRO",219,0.775126953755845,0.570430319672154,0.772820379309707
"LEU",220,0.0715606585844896,0.0546006345843963,0.0619744412788398
"LEU",221,0.618590363400232,0.495740369479719,0.597172945460003
"ARG",222,0.567080075119873,0.468923444365816,0.701011339109611
"SER",223,0.720467267666593,0.610745757760819,0.780457235413526
"ALA",224,0.388525005646433,0.321875136665763,0.474865471381707
"LEU",225,0.699976903388378,0.57153101432198,0.718451039353743
"PRO",226,0.124687799007182,0.0895622151039798,0.432607204763572
"ALA",227,0.912376524526748,0.763375227569048,0.874129477009926
"GLY",228,0.247531924136644,0.219089023002066,0.190226816322887
"TRP",229,0.382384176792264,0.314653580112262,0.620516251257671
"PHE",230,-0.257581744824328,-0.218696813913388,-0.275133014524714
"ILE",231,0.161616892579117,0.124508603495893,0.198349639941901
"ALA",232,0.150339768230975,0.108715321998805,0.284486379614482
"ASP",233,0.708454665915442,0.581439814364243,0.766014743404844
"LYS",234,0.518296596724675,0.418539335278269,0.694872622689942
"SER",235,0.281420149831266,0.226608365581131,0.247521858503972
"GLY",236,0.378676942016667,0.319609977369932,0.806351948841962
"ALA",237,0.41552434845909,0.307793505625546,0.562478351173651
"GLY",238,0.487176466068415,0.347961030546746,0.554340116440173
"GLU",239,-0.178716058720836,-0.144667869859411,-0.0331441889937579
"ARG",240,0.297570606301438,0.191572519768895,0.328357942300215
"GLY",241,-0.0700922335291933,-0.0752923252421043,0.238671232095568
"SER",242,0.246948190412715,0.198438238666091,0.290051846895782
"ARG",243,0.0724582255623636,0.0549865095946453,0.101771706250764
"GLY",244,0.495107757079592,0.398896217996158,0.545268383051545
"ILE",245,0.521260454986626,0.425048174435278,0.46002764830351
"ILE",246,0.576683330560103,0.468758418474077,0.685065303177926
"ALA",247,0.501191177971847,0.416212785371578,0.611214996453423
"ALA",248,0.575983527663158,0.454361841637711,0.533820141108035
"LEU",249,0.192727255567374,0.15982245098158,0.282927917178368
"GLY",250,-0.320643930272764,-0.254960287766706,-0.0227390549167191
"PRO",251,0.540294000558308,0.408277723309903,0.610225162402805
"ASP",252,0.478479934231721,0.362625210460813,0.533292767148292
"GLY",253,0.925349061951137,0.829643649456065,0.828257045151775
"LYS",254,0.366650252351592,0.289288257731532,0.404247146027525
"PRO",255,0.426200842904788,0.348326677676743,0.494243510747637
"SER",256,0.495448506758932,0.387360099765002,0.426997823067335
"ARG",257,0.202795638492133,0.15828959769462,0.227323385164166
"ILE",258,0.504208265851065,0.393534185134093,0.642757720433974
"VAL",259,0.838125822893841,0.699220833811529,0.884500775698816
"VAL",260,0.602246974994368,0.491965076282853,0.576430035467571
"ILE",261,0.344579117118796,0.287151772327592,0.290532215259962
"TYR",262,0.690994731254513,0.556959676846226,0.753051181230781
"THR",263,0.344179253435513,0.250686410391682,0.344721418893456
"THR",264,0.856824445823801,0.724018898618502,0.863162835494701
"GLY",265,0.0994850638358,0.0648181216087668,0.114148087346322
"SER",266,0.583943198787096,0.459920266924902,0.453072060565737
"GLN",267,0.733561059512731,0.547839019883158,0.887814777137994
"ALA",268,0.392545745710692,0.293016357663844,0.412488023586519
"THR",269,0.624693578879677,0.469748771992237,0.620853921972364
"MET",270,0.077069308762036,0.021629522817435,0.162752713743437
"ASP",271,0.574140618480225,0.450064518880952,0.654676353937531
"GLU",272,0.718166283867133,0.525247720094162,0.745449217523539
"ARG",273,0.299733479366712,0.233702436466497,0.418434777813716
"ASN",274,0.42975065075174,0.278806014142929,0.325248323580122
"ARG",275,0.572220830847447,0.402645646797153,0.56471952838757
"GLN",276,-0.0823181619079869,-0.0521197524057043,-0.000829528263386691
"ILE",277,0.57671080645306,0.423676037842065,0.564849590390459
"ALA",278,0.396564585338649,0.260486342290342,0.295505696404131
"GLU",279,0.478480788676547,0.356396215611408,0.352839922383354
"ILE",280,0.404024080164913,0.32873630260418,0.453736983230334
"GLY",281,0.657302399297246,0.543358164784606,0.749410272168848
"ALA",282,0.795386498631977,0.64852426119453,0.756857312995483
"SER",283,0.211604057899393,0.17542143324135,0.182048839080864
"LEU",284,0.567205860370181,0.480002579972427,0.602471436430611
"ILE",285,0.443736968492453,0.291595244917421,0.403390619625002
"LYS",286,0.624055474063318,0.445131907259726,0.487554617542966
"HIS",287,0.28442153637413,0.216866682877452,0.230054333709695
"TRP",288,0.0101107173001005,-0.00575340090550598,0.163153291242207
