,ALA,CYS,ASP,GLU,PHE,GLY,HIS,ILE,LYS,LEU,MET,ASN,PRO,GLN,ARG,SER,THR,VAL,TRP,TYR
1,0.098333,0.015785,0.040864,0.024556,0.01043,0.004677,0.282492,0.009781,0.016453,0.032986,0.061403,0.045679,0.014807,0.01252,0.012267,0.237523,0.051057,0.019182,0.000815,0.008389
2,0.076309,0.00029,0.025973,0.048756,0.001868,0.015647,0.00834,0.003123,0.030492,0.005551,0.002862,0.007691,0.676786,0.021812,0.023022,0.03441,0.00617,0.00849,0.000828,0.001582
3,0.213368,0.00178,0.123224,0.194597,0.009812,0.023187,0.022034,0.002485,0.078908,0.014798,0.017475,0.036767,0.001752,0.101225,0.046875,0.084698,0.009024,0.004147,0.004701,0.009143
4,0.059882,0.019426,0.000153,0.000616,0.000428,0.000315,0.000124,0.081062,5.6e-05,0.004605,0.012213,0.000941,0.0,0.000427,0.00011,0.013453,0.272796,0.533329,4.2e-05,2.1e-05
5,0.001985,0.000719,0.001721,0.002,0.000118,0.000374,0.000456,0.178535,0.006437,0.743098,0.032494,0.00478,0.0,0.004885,0.005827,0.001613,0.002197,0.012655,4e-05,6.7e-05
6,0.051534,0.000514,0.135655,0.218827,0.008139,0.005096,0.012581,0.023589,0.162943,0.016346,0.006319,0.02207,0.0,0.07754,0.078968,0.021623,0.064788,0.082326,0.001719,0.009424
7,0.172738,0.002663,0.001232,0.160589,0.000346,0.00244,0.001099,0.023561,0.080686,0.001513,0.018054,0.001377,0.0,0.105618,0.038129,0.01882,0.112638,0.257964,7.3e-05,0.000463
8,0.000114,0.0,8.1e-05,0.0,0.0,0.000249,0.000122,0.111534,5e-05,0.000103,8.2e-05,8.3e-05,0.0,9.7e-05,9.2e-05,0.000402,2.5e-05,0.886906,4e-05,2.2e-05
9,0.040502,0.001233,0.008155,0.169888,0.000676,0.001629,0.009598,0.00375,0.279916,0.009606,0.004484,0.02012,0.0,0.106076,0.236474,0.040843,0.056171,0.009832,9.9e-05,0.000947
10,0.277601,0.000894,0.118946,0.153673,0.000842,0.012993,0.008375,0.000191,0.093111,0.012009,0.00476,0.041866,0.0,0.084666,0.065295,0.107957,0.015346,0.000228,0.000341,0.000909
11,0.847976,0.034279,0.00057,7.8e-05,0.007974,0.00552,0.00103,0.000351,5e-05,0.001024,0.004284,0.003046,0.0,0.000275,0.000109,0.071835,0.010927,0.00936,0.000783,0.000527
12,0.017376,7e-06,0.001495,0.92038,0.0,0.002043,0.000167,0.0,0.000693,0.000103,0.001759,0.000466,0.0,0.04934,0.000537,0.005065,0.00045,5.7e-05,4e-05,2.2e-05
13,0.113327,0.000455,0.039671,0.235678,0.002905,0.002724,0.017595,0.020951,0.193947,0.021346,0.004164,0.018465,0.0,0.074283,0.136984,0.028033,0.042497,0.039045,0.001269,0.006662
14,0.130694,0.001034,0.095378,0.166128,0.002835,0.005131,0.009959,0.00202,0.143146,0.015491,0.011492,0.070695,0.0,0.073818,0.187695,0.052577,0.022807,0.002492,0.002814,0.003795
15,0.000979,0.000226,8.1e-05,0.000157,0.000502,0.000517,0.00013,0.0,5e-05,0.991305,0.00385,0.000385,0.0,0.000302,0.000179,0.00042,2.5e-05,5.7e-05,0.000616,0.00022
16,0.033342,0.001052,0.060459,0.023687,5.9e-05,0.476445,0.020123,0.0,0.155259,0.001082,0.001213,0.097924,0.0,0.067197,0.044112,0.014671,0.00292,0.000163,3.8e-05,0.000255
17,0.663657,0.036533,8e-05,0.0,0.0,0.030191,0.000122,0.0,5e-05,0.000102,8.1e-05,8.2e-05,0.0,0.000158,9.1e-05,0.26871,2.5e-05,5.7e-05,4e-05,2.2e-05
18,0.054281,0.000142,0.03696,0.036085,0.0,0.010938,0.000724,2.3e-05,0.050016,0.002811,0.001248,0.006053,0.733762,0.012208,0.017068,0.034861,0.002398,0.000307,4.1e-05,7.6e-05
19,0.000112,0.000422,7.9e-05,0.0,0.000149,0.000244,0.00012,0.034614,4.9e-05,0.001279,0.000335,8.1e-05,0.0,9.5e-05,9e-05,0.000394,0.001024,0.960849,4.2e-05,2.2e-05
20,0.000114,0.0,8.1e-05,0.0,0.0,0.99863,0.000123,0.0,5e-05,0.000103,8.2e-05,8.3e-05,0.0,9.7e-05,9.2e-05,0.000402,2.5e-05,5.7e-05,4e-05,2.2e-05
21,0.000112,0.0,7.9e-05,0.0,0.792555,0.000244,0.000194,0.0,4.9e-05,0.0001,0.000103,8.1e-05,0.0,9.5e-05,9e-05,0.000394,2.4e-05,5.6e-05,0.000726,0.205099
22,0.000644,0.002941,7.8e-05,0.000878,0.0,0.00024,0.000118,0.749762,4.8e-05,0.010849,0.002427,9.9e-05,0.0,0.000399,8.9e-05,0.000387,0.000485,0.230495,3.9e-05,2.1e-05
23,0.007543,0.001098,0.009304,0.00966,0.006994,0.000213,0.01626,0.001348,0.005557,0.588457,0.004542,0.004716,0.0,0.002892,0.007918,0.003287,0.002006,0.002485,0.310941,0.01478
24,0.000109,0.000265,7.7e-05,0.000156,0.0,0.000238,0.000117,0.033541,0.000277,0.881255,0.007277,7.9e-05,0.0,0.000137,0.000272,0.000384,0.00032,0.075438,3.8e-05,2.1e-05
25,0.000738,0.000299,0.850265,0.002327,0.0,0.000243,0.004998,0.0,0.000541,0.0001,8e-05,0.135056,0.0,0.000593,0.000423,0.004197,2.4e-05,5.6e-05,3.9e-05,2.1e-05
26,0.014176,0.00017,8.7e-05,0.002363,0.010482,0.00121,0.000137,0.001067,0.002905,0.905948,0.047146,0.000286,0.0,0.002914,0.002499,0.002738,0.000308,0.000122,0.000581,0.004863
27,0.109902,0.000439,0.19031,0.308032,0.00166,0.075764,0.004589,0.001735,0.092452,0.006165,0.001564,0.052221,0.0,0.061775,0.028234,0.031937,0.023618,0.005798,0.000671,0.003133
28,0.000108,0.0,0.000923,0.0,0.0,0.000237,0.000116,0.0,0.000657,9.7e-05,7.8e-05,0.000552,0.0,9.2e-05,0.000294,0.283678,0.713052,5.4e-05,3.8e-05,2.1e-05
29,0.000114,0.0,0.000203,0.0,0.0,0.998508,0.000122,0.0,5e-05,0.000103,8.2e-05,8.3e-05,0.0,9.7e-05,9.2e-05,0.000402,2.5e-05,5.7e-05,4e-05,2.2e-05
30,0.021492,0.000337,0.066506,0.443089,0.000278,0.000413,0.008443,0.003947,0.192997,0.001148,0.000787,0.018965,0.0,0.092057,0.049634,0.014037,0.075114,0.009992,0.000114,0.00065
31,0.000443,0.000551,0.001099,0.007573,4.4e-05,0.000236,0.000119,0.315387,0.001715,0.001501,0.001108,0.000503,0.001196,0.000878,0.002061,0.00041,0.026807,0.637943,0.000106,0.000319
32,0.004932,0.001599,0.004197,0.032623,0.006253,0.000745,0.005319,0.015193,0.091118,0.706376,0.018027,0.007223,0.0,0.022354,0.064051,0.002208,0.0009,0.007587,0.001961,0.007334
33,0.454276,0.006944,0.130209,0.176569,0.0,0.040055,0.00227,0.000895,0.002643,0.057513,0.00738,0.033501,0.0,0.036034,0.002637,0.044134,0.003027,0.001803,4.9e-05,6e-05
34,0.249482,0.002981,0.025175,0.225517,0.002077,0.092384,0.020857,0.0,0.014528,0.000464,0.001461,0.007448,0.0,0.0615,0.009051,0.279266,0.001536,6.1e-05,0.001555,0.004659
35,0.002957,0.014101,0.001116,0.001977,0.18465,0.000279,0.285465,0.0,0.008905,0.030967,0.002979,0.005557,0.0,0.003655,0.005832,0.004913,2.3e-05,5.4e-05,0.026064,0.420505
36,0.007263,0.000306,0.00465,0.001162,8.1e-05,0.002638,0.03409,0.0,0.011052,0.000103,0.000238,0.860713,0.0,0.013047,0.059231,0.004915,2.5e-05,5.7e-05,4e-05,0.000388
37,0.266619,0.002296,0.006181,0.064068,0.000539,0.137656,0.002233,0.004541,0.116628,0.00174,0.015939,0.001299,0.295716,0.017388,0.018065,0.04433,0.000803,0.002147,0.000615,0.001196
38,0.018793,0.001111,0.300225,0.068001,0.050847,0.011249,0.084541,0.000718,0.021901,0.017767,0.005443,0.231647,0.0,0.018197,0.03511,0.020323,0.036771,0.001327,0.013603,0.062425
39,0.051687,0.002488,0.049618,0.175167,0.004222,0.00186,0.009586,0.006108,0.242252,0.10142,0.023191,0.028097,0.0,0.113669,0.061482,0.055794,0.031492,0.032697,0.001781,0.007391
40,0.014063,0.001832,0.008108,0.010934,0.131713,0.004999,0.047873,0.003585,0.022612,0.025362,0.007521,0.021776,0.068757,0.005786,0.091514,0.030415,0.061218,0.024858,0.057445,0.359627
41,0.000116,0.0,8.3e-05,0.0,0.988964,0.000255,0.000217,0.0,5.1e-05,0.000981,0.000742,8.4e-05,0.0,9.9e-05,9.4e-05,0.000411,2.5e-05,5.8e-05,0.000177,0.007643
42,0.037794,0.022345,0.041098,0.013673,0.001605,0.026444,0.015094,0.001613,0.003116,0.006445,0.003021,0.214013,0.369889,0.015991,0.00927,0.141269,0.07116,0.002967,0.000727,0.002464
43,0.000714,0.000528,7.8e-05,0.0,0.000448,0.000242,0.000119,0.001569,4.8e-05,0.441367,0.551479,0.000722,0.0,0.001498,8.9e-05,0.000402,0.000409,0.000198,6.9e-05,2.1e-05
44,0.196457,0.110652,0.052213,0.008958,0.002732,0.062765,0.004483,0.00296,0.001999,0.00803,0.046141,0.235995,0.001717,0.008356,0.008536,0.187858,0.053066,0.004286,0.00038,0.002415
45,0.040406,0.00375,0.56561,0.083925,0.010467,0.022945,0.053053,0.0,0.005579,0.003162,0.005206,0.070244,0.003593,0.03687,0.014315,0.042575,0.00439,5.9e-05,0.015892,0.01796
46,0.008846,0.011809,0.000546,0.008064,0.0,0.003699,0.000308,0.018852,0.003054,0.006782,0.07168,0.002517,0.0,0.023386,0.001946,0.006374,0.808447,0.023625,4e-05,2.2e-05
47,0.076172,0.032868,0.003096,0.012443,0.090749,0.004812,0.012522,0.148309,0.015746,0.046109,0.054122,0.002666,0.0,0.019662,0.029899,0.020821,0.005073,0.173453,0.133032,0.118446
48,0.113513,0.007824,0.084974,0.057429,0.010563,0.032632,0.014715,0.001061,0.155067,0.004733,0.009597,0.309085,0.0,0.051477,0.067826,0.043216,0.016386,0.009913,0.000438,0.009553
49,0.031631,0.012,0.000397,0.000375,0.00449,0.002268,0.00042,0.213563,5e-05,0.012489,0.005856,0.000631,0.0,0.000255,9.2e-05,0.013882,0.012987,0.687778,0.000129,0.000704
50,0.009249,0.001464,7.8e-05,0.0,0.845177,0.00026,0.002721,0.000818,4.8e-05,0.100518,0.012936,0.000313,0.0,0.00029,8.8e-05,0.000983,0.00052,0.000638,0.000814,0.023085
51,0.000112,0.00018,8e-05,0.0,0.0,0.000246,0.000121,0.005834,4.9e-05,0.980526,0.002306,8.1e-05,0.0,0.000103,0.000114,0.000396,0.000448,0.009343,3.9e-05,2.2e-05
52,0.029224,0.046251,0.000456,0.000545,0.000635,0.002861,0.000313,0.095133,5.1e-05,0.00127,0.001854,0.001243,0.0,0.000153,9.4e-05,0.010089,0.007502,0.801842,5.7e-05,0.000426
53,0.472983,0.012737,9.4e-05,0.0,7.8e-05,0.387529,0.000131,0.0,5.3e-05,0.00011,0.000116,8.8e-05,0.0,0.000104,9.8e-05,0.114035,0.011544,0.000235,4.3e-05,2.4e-05
54,0.760366,0.136067,0.00151,0.001782,0.0,0.014562,0.002414,7.3e-05,0.002149,9.8e-05,0.00114,0.002263,0.0,0.002269,0.00938,0.027232,0.015072,0.023146,3.8e-05,0.000438
55,0.000324,0.004942,8e-05,0.0,0.0,0.000247,0.000121,0.107326,4.9e-05,0.002342,0.000257,8.2e-05,0.0,9.6e-05,9.1e-05,0.000397,0.000518,0.883066,4e-05,2.2e-05
56,0.013684,0.005964,0.000544,0.001248,0.02364,0.000681,0.002565,0.003396,8e-05,0.900195,0.036128,0.001673,0.0,0.001407,0.00023,0.000735,0.000394,0.001512,0.000394,0.005529
57,0.173575,0.003147,0.020497,0.016752,0.037067,0.001181,0.179457,0.0,0.209381,0.001338,0.002427,0.014396,0.0,0.022496,0.058512,0.149997,0.011217,0.000393,0.02666,0.071508
58,0.020857,0.001272,0.016029,0.027257,0.000691,0.000866,0.009607,0.0,0.175154,0.250151,0.16719,0.015125,0.0,0.115996,0.192355,0.005358,0.000335,5.7e-05,0.000713,0.000988
59,0.000116,0.02224,8.3e-05,0.001668,0.0,0.000255,0.000125,0.422078,5.1e-05,0.000105,0.001168,9.5e-05,0.0,0.000206,9.4e-05,0.00041,0.0015,0.549744,4.1e-05,2.2e-05
60,0.001809,0.000111,0.927438,0.044396,0.0,0.000241,0.000156,0.0,0.001177,9.9e-05,0.001175,0.004608,0.0,0.015466,0.000434,0.001649,0.001098,8.2e-05,3.9e-05,2.1e-05
61,0.159048,0.000875,0.070629,0.127603,0.0,0.011083,0.004032,0.0,0.252688,0.003262,0.001345,0.042116,0.0,0.116263,0.156669,0.052738,0.001498,5.9e-05,4.1e-05,5e-05
62,0.000114,0.0,0.00024,0.0,0.0,0.997572,0.000122,0.0,0.000251,0.000103,8.2e-05,0.000782,0.0,9.7e-05,9.2e-05,0.000402,2.5e-05,5.7e-05,4e-05,2.2e-05
63,0.006691,0.000395,0.015512,0.32071,0.000543,0.000294,0.002718,0.000156,0.411377,0.030835,0.002975,0.006642,0.0,0.130859,0.064665,0.00392,0.000559,0.000337,0.000101,0.000713
64,0.00502,0.000473,0.001199,0.002995,3.7e-05,0.000246,0.000122,0.001507,0.001395,0.973239,0.008848,0.000661,0.0,0.001505,0.000552,0.000576,0.000587,0.000958,5.9e-05,2.2e-05
65,0.121122,0.001391,0.111305,0.102826,0.002074,0.000753,0.045931,0.000237,0.176467,0.006421,0.001272,0.038416,0.0,0.064282,0.076612,0.203911,0.042797,0.000917,0.000751,0.002514
66,0.004132,0.000327,0.004528,0.006286,0.023575,0.003616,0.003047,0.001016,0.007162,0.777236,0.060442,0.007162,0.006162,0.003518,0.026856,0.001476,0.002041,0.000499,0.047701,0.013219
67,0.014054,0.000285,0.418105,0.157708,0.000319,0.144228,0.009378,0.000176,0.021766,0.001937,0.001024,0.106939,0.001689,0.019784,0.008056,0.055792,0.037105,0.000699,0.000333,0.000622
68,0.045695,0.000294,0.046474,0.443699,0.00031,0.000254,0.008989,0.0,0.211727,0.006395,0.006562,0.0049,0.0,0.164125,0.039139,0.008387,0.012063,0.000386,8e-05,0.000521
69,0.001069,0.005559,0.00052,0.001522,0.00033,0.001881,0.000928,0.04084,0.07572,0.137037,0.004663,0.117367,0.0,0.01653,0.505119,0.003268,0.023596,0.063791,6.6e-05,0.000195
70,0.000143,0.000947,7.9e-05,0.001412,0.012941,0.000243,0.005224,0.480268,0.001347,0.012584,0.001268,8.1e-05,0.0,0.000956,0.000741,0.000398,0.001656,0.445438,0.001639,0.032637
71,0.002547,0.001159,0.002696,0.02011,0.068336,0.000224,0.041342,0.164603,0.180351,0.174268,0.114604,0.003375,0.0,0.0414,0.017921,0.006553,0.009897,0.026044,0.00144,0.123129
72,0.000106,0.0,7.5e-05,0.0,0.305548,0.000233,0.000325,0.0,4.7e-05,9.6e-05,7.6e-05,7.7e-05,0.0,9e-05,8.6e-05,0.000375,2.3e-05,5.3e-05,3.7e-05,0.692753
73,0.005962,0.000494,0.020026,0.003139,0.0,0.160443,0.000473,0.0,0.003856,9.9e-05,7.9e-05,0.02057,0.0,0.001142,0.005627,0.644936,0.133039,5.5e-05,3.9e-05,2.1e-05
74,0.013361,0.000211,0.031325,0.434191,0.000519,0.000234,0.009207,0.002792,0.271058,0.004291,0.001158,0.006446,0.001754,0.096805,0.08463,0.026125,0.008702,0.00516,0.000385,0.001647
75,0.090431,0.000559,0.146852,0.227922,0.000587,0.003202,0.010407,0.000848,0.206598,0.001658,0.001439,0.055441,0.0,0.04092,0.076864,0.09214,0.039421,0.002109,0.000373,0.002228
76,0.000163,0.000149,0.976372,0.007146,0.0,0.000247,0.006593,0.0,4.9e-05,0.000101,8.4e-05,0.005862,0.0,0.000477,9.1e-05,0.002508,4e-05,5.7e-05,4e-05,2.2e-05
77,0.000112,5.2e-05,8e-05,0.0,0.0,0.000246,0.000121,0.035344,4.9e-05,0.957651,0.004271,8.1e-05,0.0,9.6e-05,9.1e-05,0.000396,2.4e-05,0.001326,3.9e-05,2.2e-05
78,0.000114,0.000619,8.1e-05,0.0,0.0,0.00025,0.000123,0.00077,5e-05,0.000103,8.2e-05,8.3e-05,0.0,0.000117,9.2e-05,0.000403,0.00308,0.993969,4e-05,2.2e-05
79,0.070896,0.000562,0.105083,0.322987,0.001053,0.008249,0.005313,0.011363,0.041959,0.007077,0.003077,0.024249,0.180967,0.027179,0.025483,0.096121,0.036258,0.029762,0.000415,0.001945
80,0.023655,0.005233,0.074458,0.127167,0.013784,0.131371,0.042899,0.014415,0.088608,0.013923,0.008465,0.210101,0.0,0.067032,0.084927,0.023913,0.022043,0.033676,0.001627,0.012705
81,0.016034,0.005698,8.1e-05,0.0,0.0,0.000448,0.000122,0.0,5e-05,0.000102,8.2e-05,0.001176,0.0,9.7e-05,9.2e-05,0.974457,0.001443,5.7e-05,4e-05,2.2e-05
82,0.001309,9.8e-05,0.002168,0.001589,0.000141,0.00779,0.000272,0.0,0.001125,0.000102,0.000106,0.001974,0.977833,0.000279,0.000618,0.003489,0.000884,5.7e-05,6.6e-05,0.0001
83,0.002161,0.002122,0.002231,0.010087,0.014181,0.000239,0.002876,0.24393,0.002118,0.001965,0.004235,0.000673,0.0,0.003285,0.001667,0.001511,0.005771,0.682235,0.003164,0.015549
84,0.075962,0.059387,9.3e-05,0.0,0.0,0.000287,0.000141,0.002115,5.7e-05,0.000967,0.062753,0.000114,0.0,0.000112,0.000106,0.012794,0.773952,0.011087,4.6e-05,2.5e-05
85,0.268577,0.002828,0.004008,0.167591,2.1e-05,0.000666,0.000696,0.000531,0.02406,0.000603,0.005131,0.001822,0.0,0.070229,0.018361,0.431047,0.003059,0.000639,3.5e-05,9.6e-05
86,0.018438,0.003452,0.01293,0.135978,0.00059,0.095169,0.010549,0.0,0.184467,0.025002,0.007826,0.043955,0.0,0.305077,0.061531,0.023702,0.070754,6.1e-05,4.8e-05,0.00047
87,0.069056,0.050373,0.003487,0.005047,0.071545,0.005854,0.195726,8.8e-05,0.177021,0.001363,0.008416,0.027149,0.0,0.015757,0.164626,0.035849,0.002954,0.014615,0.004434,0.146638
88,0.000115,0.0,8.1e-05,0.0,0.0,0.000251,0.000123,0.063145,5e-05,0.931624,0.001074,8.3e-05,0.0,9.8e-05,9.2e-05,0.000404,0.000213,0.002584,4e-05,2.2e-05
89,0.054449,0.000323,0.175418,0.29593,0.000689,0.081033,0.014007,0.001407,0.164146,0.006206,0.001364,0.050173,0.001836,0.046855,0.038321,0.037031,0.023426,0.005684,0.00041,0.001291
90,0.007826,0.000741,0.219207,0.131938,0.008328,0.04546,0.045281,0.000917,0.061042,0.006598,0.000913,0.219531,0.0,0.021104,0.019547,0.043948,0.156013,0.002129,0.001278,0.008199
91,0.000114,0.0,8.1e-05,0.0,0.0,0.99863,0.000123,0.0,5e-05,0.000103,8.2e-05,8.3e-05,0.0,9.7e-05,9.2e-05,0.000402,2.5e-05,5.7e-05,4e-05,2.2e-05
92,0.002252,0.000242,7.7e-05,0.0,0.0,0.000237,0.000116,0.0,0.001626,0.157979,0.83156,7.9e-05,0.0,0.00322,0.002077,0.000398,2.3e-05,5.4e-05,3.8e-05,2.1e-05
93,0.000112,0.0,7.9e-05,0.0,0.0,0.000245,0.00012,0.0,4.9e-05,0.000101,8e-05,8.1e-05,0.0,9.5e-05,0.000253,0.029217,0.96945,5.6e-05,3.9e-05,2.2e-05
94,0.000114,8.3e-05,8.1e-05,0.0,0.0,0.000249,0.000122,0.261206,5e-05,0.000102,0.001384,8.3e-05,0.0,9.7e-05,9.2e-05,0.000402,0.000363,0.73551,4e-05,2.2e-05
95,0.115914,0.000335,0.116559,0.453149,0.003069,0.004296,0.009878,0.000979,0.124243,0.023174,0.003873,0.008254,0.0,0.048888,0.052247,0.023103,0.001041,0.001237,0.001646,0.008116
96,0.002245,0.0,0.075384,0.742529,0.0,0.004657,0.00012,0.0,0.000331,0.0001,0.001364,0.001757,0.0,0.16866,0.000174,0.002539,2.4e-05,5.6e-05,3.9e-05,2.2e-05
97,0.000114,0.0,8.1e-05,0.0,0.0,0.00025,0.000123,0.0,5e-05,0.997906,0.000655,8.3e-05,0.0,9.7e-05,9.2e-05,0.000403,2.5e-05,5.7e-05,4e-05,2.2e-05
98,0.062407,0.022984,9.2e-05,0.001081,0.0,0.06077,0.00014,0.007607,0.000697,0.001853,0.830194,9.4e-05,0.0,0.004437,0.000636,0.001643,0.002176,0.003118,4.6e-05,2.5e-05
99,0.137878,0.001759,0.043973,0.135606,0.036442,0.029145,0.033084,0.002672,0.071038,0.007521,0.013037,0.008329,6.4e-05,0.059231,0.187775,0.043851,0.057015,0.002147,0.07535,0.054084
100,0.950048,0.000301,7.9e-05,0.0,0.0,0.004801,0.00012,0.0,4.9e-05,0.000101,8e-05,8.1e-05,0.0,9.5e-05,9e-05,0.044013,2.4e-05,5.6e-05,3.9e-05,2.2e-05
101,0.932737,0.010567,0.000124,2.5e-05,0.0,0.001582,0.000123,1.7e-05,5e-05,0.004777,0.005792,0.00079,0.0,0.000219,9.2e-05,0.041357,0.000781,0.000904,4e-05,2.2e-05
102,0.000112,0.000575,7.9e-05,0.0,0.0,0.000244,0.00012,0.179697,4.9e-05,0.000809,0.000193,0.000159,0.0,9.5e-05,9e-05,0.000394,6.1e-05,0.817263,3.9e-05,2.2e-05
103,0.061196,0.712548,0.005499,0.088026,0.0,0.00502,9.9e-05,0.000136,0.004271,8.2e-05,0.007324,0.013087,0.0,0.048652,0.008539,0.022357,0.021137,0.001979,3.2e-05,1.8e-05
104,0.066725,0.006513,0.047037,0.132477,0.074229,0.005614,0.139087,0.001165,0.025974,0.01254,0.01306,0.056493,0.0,0.067179,0.020781,0.087669,0.038285,0.008488,0.019081,0.177602
105,0.027404,0.002766,0.187178,0.166836,0.046762,0.022356,0.059894,0.027296,0.021594,0.020165,0.007603,0.105291,0.001826,0.044927,0.059724,0.029884,0.038595,0.02927,0.014462,0.086166
106,0.000115,0.00053,0.997748,0.0,0.0,0.000252,0.000124,0.0,5e-05,0.000104,8.3e-05,0.000252,0.0,9.8e-05,9.3e-05,0.000406,2.5e-05,5.8e-05,4e-05,2.2e-05
107,0.001151,0.000465,0.009088,0.009772,0.096228,0.001952,0.052317,0.0,0.00229,0.00997,0.002957,0.567839,0.0,0.00658,0.012015,0.005711,0.012148,4.9e-05,0.005655,0.203813
108,0.000115,0.0,8.2e-05,0.0,0.0,0.000252,0.000124,0.0,5e-05,0.000104,8.3e-05,8.4e-05,0.0,9.8e-05,9.3e-05,0.000406,0.998389,5.8e-05,4.1e-05,2.2e-05
109,0.977478,0.000101,8e-05,0.0,0.0,0.000246,0.000121,0.0,4.9e-05,0.000101,8.1e-05,8.1e-05,0.0,9.6e-05,9.1e-05,0.021335,2.4e-05,5.6e-05,3.9e-05,2.2e-05
110,0.861811,0.040233,0.000711,0.001399,0.002998,0.020379,0.000475,0.001285,0.000152,0.009595,0.004805,0.003093,0.0,0.001364,0.001743,0.029687,0.004285,0.015492,4.3e-05,0.000448
111,0.000115,0.0,0.000786,0.0,0.0,0.000251,0.000123,0.0,5e-05,0.000103,8.2e-05,0.997748,0.0,9.8e-05,9.3e-05,0.000405,2.5e-05,5.8e-05,4e-05,2.2e-05
112,0.00149,0.000585,8e-05,0.001578,0.0,0.000246,0.000121,0.010156,0.002146,0.976179,0.002973,8.2e-05,0.0,0.002977,0.000195,0.000396,2.4e-05,0.00071,4e-05,2.2e-05
113,0.000114,4.8e-05,8.1e-05,0.0,0.0,0.00025,0.000123,0.0,5e-05,0.997271,0.001243,8.3e-05,0.0,9.7e-05,9.2e-05,0.000403,2.5e-05,5.7e-05,4e-05,2.2e-05
114,0.005071,0.001217,0.00055,0.002884,0.001495,0.00023,0.000127,0.001459,4.6e-05,0.796868,0.177787,0.000533,0.0,0.00262,0.000243,0.00579,0.001723,0.000226,0.000326,0.000806
115,0.065156,0.000283,0.092112,0.07198,0.0,0.013374,0.00515,0.0,0.486877,0.000801,0.000867,0.037252,0.0,0.059563,0.108956,0.041111,0.016041,0.000208,3.9e-05,0.00023
116,0.001412,0.000816,8.2e-05,0.024423,0.0,0.000252,0.000162,0.029526,0.022226,0.860147,0.013857,8.4e-05,0.0,0.020261,0.01706,0.000719,0.005969,0.002921,6.2e-05,2.2e-05
117,0.000111,0.0,7.9e-05,0.0,0.0,0.000242,0.000119,0.592879,4.8e-05,0.000821,0.000134,8e-05,0.0,9.4e-05,8.9e-05,0.00039,2.4e-05,0.404828,3.9e-05,2.1e-05
118,0.000114,0.0,8.1e-05,0.0,0.0,0.99863,0.000123,0.0,5e-05,0.000103,8.2e-05,8.3e-05,0.0,9.7e-05,9.2e-05,0.000402,2.5e-05,5.7e-05,4e-05,2.2e-05
119,0.000114,0.0,8.1e-05,0.0,0.0,0.99863,0.000123,0.0,5e-05,0.000103,8.2e-05,8.3e-05,0.0,9.7e-05,9.2e-05,0.000402,2.5e-05,5.7e-05,4e-05,2.2e-05
120,0.008972,0.0,8.2e-05,0.0,0.0,0.000251,0.000123,0.0,5e-05,0.000103,8.2e-05,8.3e-05,0.989161,9.8e-05,9.3e-05,0.000756,2.5e-05,5.8e-05,4e-05,2.2e-05
121,0.430976,0.000581,0.056018,0.174489,0.001075,0.024261,0.023077,0.002543,0.094014,0.003835,0.001395,0.006182,0.032359,0.036126,0.020155,0.073744,0.008793,0.008603,0.000619,0.001157
122,0.080088,0.007499,0.007949,0.228174,0.001689,0.000245,0.021687,0.0,0.259782,0.00018,0.025826,0.037405,0.0,0.139991,0.058753,0.126935,0.000824,5.6e-05,0.000105,0.002811
123,0.000113,7.6e-05,8.1e-05,0.0,0.002031,0.000248,0.000143,0.000888,5e-05,0.989911,0.00241,8.2e-05,0.0,0.000139,9.2e-05,0.0004,2.5e-05,0.00315,7.4e-05,8.8e-05
124,0.000111,0.0,7.9e-05,0.0,0.0,0.000243,0.000119,0.0,4.9e-05,0.0001,8e-05,8.1e-05,0.0,9.5e-05,9e-05,0.037051,0.961788,5.6e-05,3.9e-05,2.1e-05
125,0.491268,0.000181,0.085064,0.098056,0.000264,0.00436,0.003642,5.2e-05,0.145518,0.009048,0.002557,0.011027,0.0,0.062099,0.066503,0.013715,0.00605,0.000147,6.2e-05,0.000387
126,0.008483,0.002275,0.00027,0.000176,0.909455,0.000234,0.005996,0.0,4.8e-05,9.6e-05,0.001411,0.001106,0.0,0.000278,0.000495,0.003628,0.005521,5.4e-05,0.043914,0.016561
127,0.000114,9.7e-05,8.1e-05,0.0,0.0,0.000249,0.000122,0.0,5e-05,0.994566,0.003903,8.3e-05,0.0,9.7e-05,9.2e-05,0.000402,2.5e-05,5.7e-05,4e-05,2.2e-05
128,0.018071,0.000379,0.04299,0.082633,0.002494,0.00049,0.046496,0.000981,0.270498,0.011712,0.001488,0.148318,0.0,0.089831,0.221563,0.018866,0.035707,0.00097,0.000801,0.005711
129,0.094958,0.000544,0.364632,0.150076,0.0,0.045506,0.002049,0.0,0.032667,0.001812,0.00129,0.143512,0.0,0.047987,0.017528,0.090274,0.007026,5.9e-05,4.1e-05,3.9e-05
130,0.002458,0.008306,7.5e-05,0.000664,0.000595,0.00023,0.000338,0.561102,0.001704,0.032832,0.278855,0.000883,0.0,0.011126,0.014803,0.003902,0.008089,0.07398,3.7e-05,2e-05
131,0.000114,0.0,8.1e-05,0.0,0.0,0.99863,0.000123,0.0,5e-05,0.000103,8.2e-05,8.3e-05,0.0,9.7e-05,9.2e-05,0.000402,2.5e-05,5.7e-05,4e-05,2.2e-05
132,0.000117,0.000869,0.641593,0.000445,0.0,0.000257,0.000126,0.0,5.1e-05,0.000106,8.4e-05,0.353866,0.0,0.0001,9.5e-05,0.002143,2.5e-05,5.9e-05,4.1e-05,2.3e-05
133,0.013254,0.001241,0.102272,0.058235,0.010107,0.030681,0.05809,0.002323,0.142196,0.010641,0.003241,0.184602,0.001492,0.055743,0.036779,0.07049,0.207021,0.003287,0.000798,0.007508
134,0.019628,0.005483,0.042094,0.080242,0.038799,0.005209,0.03423,0.111041,0.028704,0.014168,0.003088,0.035948,0.0,0.021466,0.029441,0.047916,0.112279,0.329697,0.008699,0.03187
135,0.001409,0.006651,0.003042,0.000166,0.0,0.000605,0.000129,0.356206,4.2e-05,0.000278,0.003625,0.120258,0.0,0.00043,7.7e-05,0.018251,0.48215,0.006631,3.4e-05,1.9e-05
136,0.002274,0.00161,0.000818,0.00507,0.000171,0.000456,0.007369,0.010662,0.025266,0.001771,0.003545,0.394029,0.0,0.087032,0.30574,0.02561,0.106102,0.02205,4.2e-05,0.000383
137,0.002756,0.00844,0.000309,0.001892,0.004316,0.000278,0.009853,0.12585,0.046505,0.227808,0.299363,0.001644,0.0,0.039346,0.01981,0.00631,0.002231,0.19706,0.003388,0.002839
138,0.011824,0.012792,0.302556,0.01355,0.000597,0.002888,0.043086,0.004106,0.00301,0.000192,0.001011,0.227137,0.0,0.006921,0.003383,0.085898,0.250591,0.029316,0.000348,0.000793
139,0.013537,0.002202,0.031596,0.055382,0.006463,0.018445,0.246867,0.0,0.152382,0.008994,0.006247,0.11981,0.0,0.044568,0.108274,0.119988,0.035341,5.6e-05,0.001425,0.028423
140,0.033314,0.001773,0.185585,0.188636,0.03874,0.05384,0.029356,0.004125,0.021602,0.039627,0.037693,0.102973,0.001492,0.028755,0.037087,0.051866,0.055908,0.018841,0.029087,0.039701
141,0.056376,0.040372,0.014319,0.072402,0.204866,0.001194,0.02457,0.000296,0.005822,0.030503,0.048407,0.01107,0.000815,0.007477,0.020654,0.015325,0.002892,0.002846,0.083276,0.356517
142,0.00074,0.000139,0.001534,0.001272,0.000297,0.024328,0.000267,0.0,0.000183,0.000101,0.000175,0.000964,0.965514,0.000186,9e-05,0.002416,0.0013,0.000221,0.000212,6e-05
143,0.109086,0.001031,0.188838,0.23025,0.008367,0.077056,0.01848,0.001166,0.048981,0.026061,0.009392,0.068577,0.00197,0.071492,0.032577,0.07287,0.019225,0.001924,0.00382,0.008838
144,0.09248,0.021153,0.012858,0.010549,0.087394,0.000395,0.058822,0.001245,0.015272,0.188609,0.172644,0.023808,0.0,0.05079,0.071813,0.030083,0.002172,0.000568,0.010408,0.148938
145,0.04518,0.03514,0.032782,0.079902,0.072254,0.009849,0.048458,0.004406,0.10109,0.042568,0.049782,0.112188,0.0,0.026645,0.1092,0.016485,0.044728,0.01031,0.015272,0.143763
146,0.293314,0.001282,0.131111,0.120396,0.004614,0.12759,0.030031,0.004486,0.052866,0.012444,0.010603,0.019623,0.0,0.045672,0.057679,0.061322,0.010149,0.005714,0.002884,0.008217
147,0.870132,0.013671,0.002201,0.0,0.0,0.00285,0.000132,0.0,5.1e-05,0.000106,8.4e-05,0.003042,0.0,0.0001,9.5e-05,0.106996,0.000417,5.9e-05,4.1e-05,2.3e-05
148,0.06487,0.000988,0.022108,0.122911,0.008036,0.012716,0.01026,0.108136,0.153334,0.06895,0.007609,0.018293,0.000662,0.066836,0.096769,0.018352,0.044746,0.159886,0.005185,0.009352
149,0.101148,0.000467,0.035175,0.15554,0.005245,0.007674,0.007121,0.016878,0.112878,0.015568,0.002935,0.008579,0.292922,0.035863,0.06007,0.0268,0.037189,0.072688,0.001633,0.003628
150,0.014215,0.000446,0.091428,0.025067,0.00913,0.658772,0.020675,2.6e-05,0.020867,0.005835,0.001239,0.084978,0.0,0.013538,0.013106,0.022307,0.005166,0.000217,0.001737,0.011252
151,0.031937,0.007066,0.188768,0.030933,0.000136,0.00476,0.000852,0.0,0.001425,0.001239,0.000191,0.082727,0.0,0.005247,0.002147,0.640846,0.001056,5.3e-05,0.000295,0.000323
152,0.010893,0.001546,0.032179,0.050909,0.010497,0.00194,0.023241,0.018358,0.13285,0.284441,0.022858,0.034968,0.001586,0.037314,0.116914,0.044276,0.144123,0.015744,0.004283,0.011079
153,0.183238,0.002308,0.190977,0.227188,0.000796,0.005029,0.005385,0.000128,0.091274,0.003486,0.003185,0.030329,0.0,0.028706,0.080328,0.114282,0.030661,0.000586,0.000766,0.001348
154,0.000114,0.000297,0.985048,0.0,0.0,0.000249,0.000122,0.0,5e-05,0.000102,8.2e-05,0.013204,0.0,9.7e-05,9.2e-05,0.000401,2.5e-05,5.7e-05,4e-05,2.2e-05
155,0.010982,0.008023,8e-05,0.0,0.0,0.003004,0.000142,0.0,0.002447,0.000101,0.000128,0.001048,0.0,0.0002,0.002176,0.090848,0.880411,0.00035,4e-05,2.2e-05
156,0.042775,0.029996,0.002746,0.0,0.0,0.033182,0.000111,0.0,4.5e-05,9.3e-05,7.6e-05,0.001248,0.0,8.8e-05,8.3e-05,0.595227,0.292017,0.002257,3.6e-05,2e-05
157,0.007963,0.002078,0.000682,0.065532,0.000954,0.000234,0.003171,0.0,0.090374,0.003337,0.008019,0.002751,0.0,0.084679,0.063143,0.011792,0.653349,0.000294,0.000601,0.001046
158,0.001354,6.9e-05,8.2e-05,0.0,0.0,0.000253,0.000124,0.0,5.1e-05,0.000104,8.3e-05,8.4e-05,0.996192,9.8e-05,9.3e-05,0.000421,0.000689,0.000239,4.1e-05,2.2e-05
159,0.04323,0.001723,0.006477,0.067809,0.001982,0.020904,0.003087,0.327765,0.0943,0.052519,0.007879,0.006273,0.0,0.018168,0.120515,0.019743,0.019487,0.181463,0.001316,0.005362
160,0.31266,0.002497,0.007747,0.001099,0.0,0.045601,0.000416,0.0,4.8e-05,9.8e-05,7.8e-05,0.001722,0.0,0.000225,0.000124,0.616806,0.010673,5.5e-05,6.6e-05,8.5e-05
161,0.336364,0.005969,0.003376,0.189904,0.002762,0.001314,0.003302,0.0,0.000289,0.070896,0.299725,0.000745,0.0,0.053513,0.002195,0.01075,0.017989,0.00013,0.000221,0.000557
162,0.971782,0.00014,7.9e-05,0.0,0.0,0.023398,0.00012,0.0,4.9e-05,0.0001,8e-05,8.1e-05,0.0,9.5e-05,9e-05,0.003844,2.4e-05,5.6e-05,3.9e-05,2.2e-05
163,0.001724,0.001183,0.00308,0.049545,0.007404,0.001291,0.121157,0.001462,0.10573,0.093439,0.014335,0.009886,0.0,0.040593,0.055384,0.021603,0.441926,0.00306,0.004578,0.02262
164,0.048421,0.002895,0.000494,0.000349,0.0,0.00031,0.000121,0.0,4.8e-05,0.000381,0.000378,0.000532,0.0,9.6e-05,8.8e-05,0.067672,0.878099,5.5e-05,3.8e-05,2.1e-05
165,0.005205,0.002598,8e-05,0.0,0.021791,0.000246,0.000167,0.001115,4.9e-05,0.925931,0.022718,8.1e-05,0.0,0.000141,9.1e-05,0.000406,0.013466,0.002662,0.001252,0.002001
166,0.001115,0.000324,7.6e-05,0.000907,0.0,0.000233,0.00012,0.0,0.012468,0.001996,0.004149,0.000855,0.0,0.118294,0.858936,0.000393,2.3e-05,5.3e-05,3.7e-05,2.1e-05
167,0.031733,0.000827,0.020536,0.014893,0.000585,0.371642,0.006815,0.000814,0.264345,0.045654,0.008065,0.021224,0.0,0.08354,0.083269,0.018749,0.025669,0.000734,0.000109,0.000795
168,0.061607,0.134294,7.7e-05,0.000293,0.041499,0.000324,0.00027,0.115643,4.8e-05,0.496853,0.079854,0.000529,0.0,0.000936,8.8e-05,0.000752,0.002108,0.059386,0.000135,0.005304
169,0.016788,0.049004,8e-05,0.001149,0.010552,0.004583,0.000129,0.00849,0.000119,0.818115,0.060589,0.000125,0.0,0.000967,0.000621,0.004262,0.016267,0.00706,0.000516,0.000585
170,0.015004,0.001738,0.004468,0.016845,0.002692,0.003334,0.002772,0.048563,0.089662,0.012696,0.002922,0.003346,0.0,0.017673,0.06278,0.046524,0.562549,0.102279,0.000367,0.003787
171,0.000114,0.0,8.1e-05,0.0,0.0,0.998577,0.000123,0.0,5e-05,0.000103,8.2e-05,8.3e-05,0.0,9.7e-05,9.2e-05,0.000455,2.5e-05,5.7e-05,4e-05,2.2e-05
172,0.00235,0.000115,0.079174,0.007805,0.0,0.011098,0.001212,0.0,0.008607,0.00012,0.000106,0.015404,0.843393,0.003008,0.002548,0.019068,0.005876,5.6e-05,3.9e-05,2.1e-05
173,0.017387,0.002287,0.005325,0.017181,0.058394,0.000236,0.006776,0.260537,0.008415,0.201473,0.013842,0.003993,0.0,0.005354,0.010502,0.005524,0.047749,0.253683,0.023931,0.05741
174,0.000114,0.0,8.1e-05,0.0,0.0,0.00025,0.000123,0.000302,5e-05,0.99808,0.000179,8.3e-05,0.0,9.7e-05,9.2e-05,0.000403,2.5e-05,5.7e-05,4e-05,2.2e-05
175,0.000115,0.0,0.001223,4.3e-05,0.0,0.000558,0.000116,0.0,0.000725,9.7e-05,7.7e-05,0.000983,0.0,0.000185,0.00043,0.77667,0.218664,5.4e-05,3.8e-05,2.1e-05
176,0.143332,0.000495,0.091962,0.219934,0.003205,0.025871,0.007121,0.019546,0.094256,0.023136,0.003509,0.020826,0.069066,0.034973,0.038638,0.087929,0.063761,0.04761,0.001575,0.003253
177,0.163391,0.000523,0.073843,0.312532,0.003741,0.012437,0.022631,0.005897,0.133432,0.007324,0.00426,0.016936,0.003963,0.063491,0.071386,0.043835,0.032253,0.020734,0.001643,0.005748
178,0.237266,0.034796,0.072681,0.018164,4e-05,0.142829,0.013802,0.0,0.006671,0.001846,0.016228,0.229521,0.0,0.037101,0.018259,0.167227,0.002939,7.6e-05,5.6e-05,0.0005
179,0.007948,0.00054,8.3e-05,0.001602,0.0,0.000257,0.000553,0.0,0.056561,0.000106,0.000919,0.000997,0.0,0.038728,0.883475,0.005835,0.002272,5.9e-05,4.1e-05,2.3e-05
180,0.126679,0.000897,0.047524,0.110406,0.003953,0.021209,0.021418,0.005441,0.152911,0.032274,0.007419,0.06607,0.0,0.112453,0.123854,0.044986,0.105586,0.009392,0.00125,0.006281
181,0.025134,0.001211,0.002692,0.016953,0.330623,0.000233,0.019208,0.001092,0.086377,0.039915,0.01907,0.002804,0.0,0.024094,0.189372,0.006167,0.061756,0.001761,0.078981,0.092558
182,0.001222,0.000493,8.1e-05,0.0,1.3e-05,0.000248,0.000122,0.000838,5e-05,0.989647,0.004489,8.2e-05,0.0,0.000265,9.1e-05,0.0004,2.5e-05,0.001873,4e-05,2.2e-05
183,0.257574,0.002966,0.006404,0.073788,0.007601,0.035006,0.002829,0.011214,0.041002,0.057248,0.058469,0.004761,0.0,0.060705,0.061543,0.232434,0.056122,0.022097,0.001539,0.006697
184,0.115738,0.001671,0.316891,0.088721,0.001272,0.035667,0.009584,0.000564,0.025038,0.006985,0.008343,0.190478,0.0,0.047754,0.03105,0.102831,0.01501,0.000538,0.000253,0.001613
185,0.005978,0.008428,0.001478,0.001918,0.091543,0.000239,0.009903,0.001098,0.001951,0.682978,0.069821,0.006079,0.0,0.006174,0.004383,0.000582,0.000669,5.5e-05,0.020569,0.086154
186,0.004239,0.014512,8.4e-05,0.0,0.0,0.001239,0.000127,0.0,5.2e-05,0.020159,0.953478,0.000129,0.0,0.002187,9.5e-05,0.000921,0.00068,5.9e-05,0.002017,2.3e-05
187,0.113299,0.001802,0.016112,0.222503,0.005146,0.007455,0.044474,0.000907,0.124164,0.005366,0.009533,0.027813,0.0,0.084226,0.232373,0.045189,0.047739,0.001723,0.000887,0.009289
188,0.166048,0.002372,0.104081,0.047977,0.0,0.234153,0.009264,0.0,0.040449,0.002892,0.004082,0.187747,0.0,0.049407,0.046963,0.10272,0.001632,5.6e-05,4.7e-05,0.00011
189,0.071757,0.020634,0.17422,0.085115,0.000357,0.003758,0.008141,0.0,0.000505,0.000264,0.000502,0.490791,0.0,0.005981,0.006302,0.102007,0.028324,0.00033,0.000117,0.000895
190,0.027049,0.001282,0.005385,0.0849,0.000495,0.048756,0.006492,0.001028,0.291697,0.025771,0.01994,0.020996,0.0,0.284578,0.118743,0.023264,0.036579,0.00258,0.000117,0.000347
191,0.012907,0.029352,0.185002,0.089855,0.035635,0.029617,0.097216,0.012651,0.01373,0.023326,0.013351,0.081443,0.0,0.017994,0.013306,0.021063,0.176795,0.075653,0.025211,0.045892
192,0.082886,0.479877,0.187776,0.006892,0.007073,0.048826,0.005163,0.000606,0.001051,0.001235,0.002759,0.024703,0.000718,0.002957,0.001251,0.122899,0.002082,0.000955,0.013625,0.006666
193,0.065546,0.000563,0.053563,0.026846,0.00122,0.64942,0.00964,0.002625,0.06988,0.003369,0.001355,0.019833,0.00153,0.011989,0.015221,0.02972,0.026793,0.008213,0.000781,0.001892
194,0.050886,0.001233,0.092781,0.037098,0.000869,0.052729,0.012005,0.0,0.084488,0.002909,0.001307,0.029127,0.466984,0.017467,0.078482,0.063724,0.005529,0.000551,0.000165,0.001667
195,0.001569,0.001323,0.004184,0.007445,0.105474,0.000248,0.031999,0.001547,0.007347,0.669696,0.011243,0.006931,0.0,0.006265,0.008748,0.00132,0.001357,0.001542,0.008253,0.123509
196,0.042142,0.010937,0.002677,0.001075,0.584457,0.038938,0.004459,0.050282,0.000162,0.070559,0.026017,0.002776,0.001639,0.001193,0.000775,0.015621,0.006025,0.030514,0.03889,0.070862
197,0.112537,0.000454,0.006834,0.032435,0.00239,0.001574,0.005288,0.00081,0.245708,0.02009,0.009319,0.004975,0.0,0.043922,0.491619,0.012692,0.003103,0.001712,0.000732,0.003806
198,0.617816,0.00026,0.002529,0.001603,0.0,0.020799,0.000268,0.0,0.012075,0.000129,0.00014,0.002832,0.0,0.001729,0.011207,0.327699,0.000803,5.3e-05,3.7e-05,2e-05
199,0.952355,0.000219,7.9e-05,0.0,0.0,0.000244,0.00012,0.0,4.9e-05,0.0001,8e-05,8.1e-05,0.0,0.000136,9e-05,0.046305,2.4e-05,5.6e-05,3.9e-05,2.2e-05
200,0.002968,0.00045,8e-05,0.000784,0.0007,0.000257,0.000145,0.011653,0.001695,0.965424,0.004519,0.000922,0.0,0.000699,0.001906,0.000407,0.000794,0.0062,0.000251,0.000145
201,0.00194,0.0,0.000227,0.001127,0.0,0.000453,0.000123,0.0,0.004466,0.000103,8.2e-05,8.3e-05,0.98886,0.000741,0.001195,0.000429,4.9e-05,5.8e-05,4e-05,2.2e-05
202,0.364465,0.000274,0.100933,0.208001,0.000622,0.007567,0.002866,0.001089,0.057967,0.00308,0.001033,0.010391,0.108526,0.023619,0.013945,0.068566,0.01801,0.00849,7.6e-05,0.000481
203,0.000114,0.0,0.000129,0.0,0.0,0.998357,0.000122,0.0,5e-05,0.000103,8.2e-05,0.000294,0.0,9.7e-05,9.2e-05,0.000416,2.5e-05,5.7e-05,4e-05,2.2e-05
204,0.004013,0.000105,0.001226,0.0,0.003487,0.00027,0.003943,0.0,5.4e-05,0.000111,9.6e-05,0.000226,0.0,0.000105,0.0001,0.003258,2.7e-05,6.2e-05,0.970759,0.012156
205,0.066307,0.001543,0.002532,0.008041,0.342523,0.000254,0.020997,0.0,0.002129,0.011276,0.011823,0.001067,0.0,0.002441,0.007637,0.006351,0.000832,0.000646,0.055877,0.457722
206,0.022038,0.024364,0.014592,0.023847,0.067003,0.001473,0.044438,0.101665,0.003212,0.349038,0.07881,0.005957,0.0,0.006804,0.007208,0.010534,0.002633,0.017322,0.051492,0.167568
207,0.770338,0.017682,0.001979,0.011325,0.002087,0.038612,0.002963,0.000209,0.000986,0.000424,0.009102,0.00208,0.0,0.005823,0.003228,0.124112,0.000891,0.000696,0.00091,0.006554
208,0.003728,0.042544,0.607237,0.014432,0.0,0.211448,0.000771,0.0,8.5e-05,0.00312,0.001199,0.075007,0.0,0.004819,0.000728,0.034175,0.000472,4.9e-05,6.7e-05,0.000118
209,0.001395,0.007817,8.3e-05,0.00034,0.0,0.000256,0.001098,0.004632,0.436678,0.038819,0.001418,0.002333,0.0,0.00329,0.495989,0.002097,0.00073,0.002958,4.1e-05,2.3e-05
210,0.046112,0.702242,0.034696,0.006006,0.000237,0.022852,0.000874,0.000406,0.001756,0.000416,0.006371,0.018375,0.007893,0.002944,0.006512,0.135291,0.004906,0.000953,0.000612,0.000549
211,0.001049,1.3e-05,8.1e-05,0.0,0.0,0.997655,0.000122,0.0,5e-05,0.000103,8.2e-05,8.3e-05,0.0,9.7e-05,9.2e-05,0.00043,2.5e-05,5.7e-05,4e-05,2.2e-05
212,0.107196,0.004272,0.010173,0.103277,0.041544,0.022533,0.031936,0.021323,0.031852,0.013325,0.026135,0.010089,1.7e-05,0.049446,0.07595,0.121612,0.204957,0.058547,0.024848,0.040967
213,0.001284,0.000241,8.1e-05,0.0,0.0,0.997194,0.000122,0.0,5e-05,0.000102,8.2e-05,8.3e-05,0.0,9.7e-05,9.2e-05,0.000428,2.5e-05,5.7e-05,4e-05,2.2e-05
214,0.126064,0.00586,0.199531,0.144793,0.015961,0.02577,0.018378,0.0,0.095473,0.037233,0.022227,0.070672,0.0,0.086232,0.077054,0.05031,0.000728,0.000252,0.00756,0.015903
215,0.009274,0.00046,0.004992,0.002011,0.002021,0.054452,0.03075,0.0,0.060276,0.00191,0.001185,0.576162,0.0,0.015153,0.231994,0.007402,0.000502,0.000141,4.3e-05,0.001273
216,0.000114,0.0,8.1e-05,0.0,0.0,0.99863,0.000123,0.0,5e-05,0.000103,8.2e-05,8.3e-05,0.0,9.7e-05,9.2e-05,0.000402,2.5e-05,5.7e-05,4e-05,2.2e-05
217,0.751667,0.002914,0.002918,0.02446,0.0,0.006464,0.000559,0.0,0.00043,0.00093,0.013204,0.073195,0.0,0.092014,0.002439,0.027819,0.000875,5.4e-05,3.8e-05,2.1e-05
218,0.059131,0.040785,0.003443,0.008542,0.454807,0.000883,0.102098,0.002542,0.004141,0.0632,0.061382,0.009126,0.0,0.01637,0.007626,0.024696,0.011634,0.008474,0.014858,0.106262
219,0.003786,0.002728,0.006481,0.001343,0.0,0.931086,0.000689,0.0,0.0003,0.000102,9.4e-05,0.031275,0.0,0.00085,0.00577,0.015226,0.00015,5.7e-05,4e-05,2.2e-05
220,0.002801,0.00116,0.002985,0.200883,0.00059,0.000265,0.002453,0.637706,0.000324,0.016777,0.023179,0.002369,0.0,0.034015,0.000315,0.00154,0.005292,0.06629,0.000511,0.000545
221,0.057461,0.002567,8.4e-05,0.000731,4e-06,0.00035,0.000125,0.192948,5e-05,0.012273,0.001815,0.00087,0.0,0.000933,9.2e-05,0.002309,0.006636,0.720659,5.2e-05,4.1e-05
222,0.856042,0.008863,0.00011,0.012872,0.000566,0.007815,0.000345,0.000144,0.000665,0.007108,0.042283,0.000387,0.0,0.005851,0.001272,0.050265,0.003337,0.001788,6e-05,0.000228
223,0.938456,0.004557,0.000487,0.001619,0.004376,0.000361,0.000142,0.002534,0.000166,0.005441,0.003186,0.000466,0.0,0.000706,0.000572,0.021717,0.005971,0.007581,0.000464,0.001199
224,0.00594,0.008515,0.000237,0.001012,0.270774,0.007118,0.003875,0.001169,0.000258,0.535883,0.037267,0.001111,0.0,0.000955,0.000908,0.000826,0.000371,0.000852,0.04357,0.079357
225,0.000114,0.0,8.1e-05,0.0,0.0,0.99863,0.000123,0.0,5e-05,0.000103,8.2e-05,8.3e-05,0.0,9.7e-05,9.2e-05,0.000402,2.5e-05,5.7e-05,4e-05,2.2e-05
226,0.047933,8.3e-05,0.01369,0.033972,0.000496,0.012316,0.003897,0.0,0.046454,0.000689,0.000126,0.003592,0.781335,0.011634,0.009211,0.030678,0.002295,0.00061,0.000339,0.000651
227,0.02637,0.000477,0.236826,0.058516,0.00189,0.014847,0.028625,0.0,0.070623,0.000785,0.00111,0.459079,0.0,0.042709,0.024523,0.029357,0.001553,0.000194,0.000138,0.002377
228,0.002927,0.000156,0.019295,0.012941,0.00027,0.858532,0.003101,0.0,0.006292,0.000277,0.000205,0.080235,0.0,0.005448,0.004175,0.005091,0.00041,5.4e-05,4.2e-05,0.000547
229,0.031782,0.000539,0.006353,0.163902,0.00168,0.000337,0.015882,0.005371,0.412381,0.003175,0.003111,0.011707,0.0,0.133968,0.11317,0.015652,0.044087,0.03534,0.000164,0.001399
230,0.122687,0.00072,0.002486,0.001718,0.001551,0.021821,0.000502,0.0,0.000663,0.000192,0.000599,0.000501,0.835034,0.000282,0.000789,0.007993,0.000146,0.00056,0.00036,0.001396
231,0.01586,0.002622,0.048028,0.123864,0.000665,0.003597,0.0128,0.005317,0.092725,0.00072,0.001236,0.021362,0.0,0.084292,0.112011,0.263855,0.20024,0.009873,6.8e-05,0.000864
232,0.005106,0.008116,0.005616,0.168291,0.021601,0.000239,0.040389,0.085578,0.047517,0.003002,0.034676,0.007864,0.0,0.135979,0.056886,0.020417,0.040304,0.273905,0.006915,0.037601
233,0.000459,0.004655,7.8e-05,0.0,0.000454,0.000242,0.000119,0.750137,4.8e-05,0.086501,0.000206,0.000439,0.0,9.4e-05,8.9e-05,0.000389,0.000535,0.15537,3.9e-05,0.000144
234,0.026958,0.025096,0.001263,0.002511,0.10217,0.057666,0.012415,0.104861,0.001344,0.235576,0.06596,0.007531,0.0,0.004534,0.003006,0.00593,0.005779,0.32144,0.004184,0.011775
235,0.001179,0.007721,8e-05,0.0,0.0,0.000248,0.000122,0.002962,5e-05,0.000102,0.000103,0.000514,0.0,9.6e-05,9.1e-05,0.000441,0.003115,0.983115,4e-05,2.2e-05
236,0.002438,0.001219,8.1e-05,0.000468,0.215008,0.000251,0.006252,0.26781,0.000123,0.090753,0.003091,0.000287,0.0,0.000396,0.000425,0.000421,0.00123,0.099172,0.014702,0.295872
237,0.006925,0.00754,0.000616,0.002875,0.198899,0.003658,0.029057,0.000861,0.034929,0.394991,0.22434,0.007773,0.0,0.02677,0.008437,0.006241,0.000951,0.001332,0.005101,0.038704
238,0.003046,0.002564,7.9e-05,0.002043,0.000169,0.000557,0.000141,0.000549,4.8e-05,0.014136,0.058265,0.000211,0.0,0.007289,0.000174,0.01756,0.892764,0.000303,5.3e-05,4.8e-05
239,0.070471,0.030056,0.069644,0.094671,0.00206,0.014722,0.019657,0.001395,0.040556,0.003332,0.003123,0.150772,0.0,0.073935,0.044422,0.199862,0.150503,0.027206,0.00085,0.002765
240,0.000114,0.0,8.1e-05,0.0,0.0,0.99863,0.000123,0.0,5e-05,0.000103,8.2e-05,8.3e-05,0.0,9.7e-05,9.2e-05,0.000402,2.5e-05,5.7e-05,4e-05,2.2e-05
241,0.001304,6.6e-05,8e-05,0.0,0.0,0.000247,0.000121,0.0,4.9e-05,0.000101,8.1e-05,0.000357,0.0,9.6e-05,9.1e-05,0.88365,0.113639,5.7e-05,4e-05,2.2e-05
242,0.060811,0.000537,0.117325,0.029466,0.001784,0.222821,0.019624,0.00123,0.127689,0.006528,0.002701,0.061042,0.022273,0.031293,0.042635,0.142274,0.104003,0.003582,0.000565,0.001816
243,0.672369,0.005694,0.003195,0.032351,0.0,0.091467,0.000554,0.0,0.031547,0.000165,0.004533,0.010615,0.0,0.048276,0.009567,0.088573,0.000955,7.7e-05,4.2e-05,2.3e-05
244,0.005374,0.0,0.005888,0.00166,0.0,0.017017,0.000134,0.0,0.004394,0.00049,8.4e-05,0.001228,0.070273,0.000258,0.001552,0.808707,0.082821,5.7e-05,4e-05,2.2e-05
245,0.021093,0.000543,0.037565,0.067468,0.022162,0.000482,0.009651,0.112451,0.046709,0.249954,0.028785,0.006536,0.003037,0.04769,0.172485,0.009005,0.02013,0.112542,0.010234,0.021477
246,0.183792,0.000276,0.123538,0.348803,0.003218,0.049485,0.008512,0.001799,0.092434,0.009209,0.001301,0.019888,0.01191,0.049966,0.026247,0.042145,0.016808,0.005333,0.001276,0.004059
247,0.141602,0.002438,0.02377,0.225922,0.012156,0.000448,0.04879,0.001682,0.152825,0.003846,0.007638,0.008188,0.0,0.080234,0.037074,0.01502,0.211388,0.01426,0.000891,0.01183
248,0.002526,0.001111,8e-05,0.003582,0.0,0.000246,0.000145,0.089288,0.091349,0.030337,0.007808,0.001026,0.0,0.20952,0.551457,0.000626,0.00134,0.009498,3.9e-05,2.2e-05
249,0.115172,0.002515,0.15232,0.424917,0.022877,0.001015,0.038156,0.0,0.018971,0.002302,0.003538,0.043026,0.0,0.097717,0.021145,0.017944,0.00058,0.000253,0.004649,0.032906
250,0.092569,0.000506,0.09487,0.154808,0.002548,0.005196,0.013099,0.010259,0.103589,0.042422,0.008894,0.036998,0.0,0.095324,0.106577,0.036533,0.182379,0.007683,0.001549,0.004197
251,0.433355,0.153701,0.002911,0.045192,0.000924,0.115388,0.010059,0.000521,0.043075,0.000855,0.020016,0.007129,0.0,0.085307,0.020907,0.048756,0.006481,0.003014,5.5e-05,0.002353
252,0.004394,0.001564,7.9e-05,0.000725,0.007768,0.00032,0.000794,0.563581,0.000288,0.012681,0.005924,0.000193,0.0,0.00143,0.000694,0.000415,0.001635,0.391402,0.000263,0.005851
253,0.168867,0.00557,0.002581,0.056932,0.009421,0.00149,0.031355,0.0,0.154607,0.002062,0.008106,0.066513,0.0,0.109389,0.349993,0.019887,0.003042,5.8e-05,0.000902,0.009225
254,0.025859,0.001127,0.163967,0.242019,4.3e-05,0.050593,0.00458,0.0,0.050045,0.013341,0.007965,0.243136,0.0,0.10679,0.073041,0.015622,0.001329,0.000189,5.6e-05,0.000296
255,0.000267,0.000323,8e-05,0.0,0.0,0.000246,0.000121,0.932745,4.9e-05,0.000943,0.004265,8.2e-05,0.0,0.000109,9.1e-05,0.000397,0.000288,0.059933,4e-05,2.2e-05
256,0.898508,0.014848,8e-05,0.0,0.001165,0.039292,0.000198,0.0,4.9e-05,0.000101,0.001195,0.000216,0.0,9.6e-05,9.1e-05,0.041385,0.001735,5.7e-05,0.000671,0.000313
257,0.647632,0.000548,0.005061,0.076561,0.000636,0.001064,0.002432,0.0,0.08614,0.004439,0.001799,0.002525,0.0,0.045685,0.066911,0.054901,0.00275,0.000267,6e-05,0.000589
258,0.566231,0.017383,0.004355,0.106376,0.0,0.012355,0.000702,0.0,0.015533,0.00039,0.00644,0.003509,0.0,0.034054,0.008511,0.206346,0.017576,0.000167,4e-05,3.1e-05
259,0.025562,0.029487,0.001023,0.013702,0.010269,0.000268,0.000987,0.25137,0.006236,0.05097,0.029324,0.001789,0.0,0.007541,0.010617,0.029505,0.15209,0.370836,0.002428,0.005996
260,0.003957,0.001917,0.000345,0.001506,0.055882,0.000243,0.001103,0.607496,0.001913,0.166302,0.02303,0.008171,0.0,0.003517,0.00358,0.000714,0.003183,0.112034,0.001565,0.003543
261,0.114493,0.000812,0.021571,0.116818,0.01643,0.00079,0.047468,0.001497,0.336962,0.019794,0.006365,0.008633,0.0,0.073593,0.169709,0.014122,0.027231,0.001408,0.000947,0.021358
262,0.003051,0.001226,0.011949,0.012729,0.081467,0.282124,0.220498,0.0,0.002493,0.006898,0.000989,0.076885,0.0,0.006654,0.004569,0.014151,0.023946,0.000156,0.007917,0.2423
263,0.343602,0.008354,0.02894,0.040695,0.037508,0.001263,0.054846,0.007714,0.027122,0.023178,0.023553,0.011475,0.0,0.044096,0.043239,0.205275,0.010485,0.010153,0.023379,0.055126
