S70,K73,N132,E166,R244,Imprint
0.8476288,0.3787858,0.99984837,0.83684075,0.9318226,0.1
0.9750098,0.9650742,0.9998431,0.8715783,0.8640206,0.1
0.7950948,0.8598293,0.9998461,0.842833,0.84765744,0.1
0.7979733,0.83646065,0.99983597,0.84614545,0.84169286,0.1
0.8073255,0.83317167,0.99988115,0.8645415,0.8450816,0.1
0.7890894,0.8232816,0.9998429,0.8563024,0.8605037,0.1
0.8314614,0.8766202,0.99984324,0.85556954,0.84991395,0.1
0.80834806,0.8826024,0.99984205,0.83940893,0.8035809,0.1
0.8086538,0.8766577,0.99983954,0.8467674,0.9216291,0.1
0.82563835,0.8411843,0.99984133,0.8321806,0.8515029,0.1
0.8615293,0.32038188,0.99985385,0.8185562,0.8115394,0.1
0.81967115,0.8414511,0.999941,0.8177376,0.8620625,0.1
0.975718,0.93909943,0.9998357,0.8608531,0.916303,0.1
0.8092579,0.86575985,0.9998217,0.84503853,0.9557941,0.1
0.81200784,0.8664762,0.9998388,0.85031176,0.84537935,0.1
0.8217006,0.85988003,0.9998323,0.8502441,0.9350118,0.1
0.81626064,0.8500121,0.99985373,0.84593254,0.8356644,0.1
0.849196,0.39705244,0.9998348,0.83899605,0.8005196,0.1
0.8197894,0.7766146,0.9998621,0.8797645,0.8582047,0.1
0.8038736,0.8591947,0.999824,0.84786445,0.8371934,0.1
0.8132852,0.79081357,0.9998939,0.6474308,0.8634293,0.1
0.8118281,0.8397141,0.9998573,0.86929303,0.7689116,0.1
0.97606736,0.43168747,0.99983203,0.84260076,0.8430651,0.1
0.8157954,0.85053724,0.99994385,0.81433845,0.93079793,0.1
0.8108869,0.8911411,0.9998455,0.84563303,0.92375165,0.1
0.83210623,0.914301,0.9998585,0.84543884,0.92576414,0.1
0.8314846,0.85192144,0.9998435,0.82705474,0.8629801,0.1
0.81328225,0.89300543,0.9998436,0.8465336,0.79643035,0.1
0.80492854,0.8241605,0.99980634,0.7161397,0.90929013,0.1
0.81665635,0.8947775,0.9998734,0.8475349,0.8596947,0.1
0.8100868,0.8436589,0.99984217,0.8518009,0.90649563,0.1
0.8090171,0.8749157,0.9999361,0.8124973,0.9100189,0.1
0.8110474,0.87426984,0.99984777,0.8626859,0.9792548,0.1
0.7864384,0.85411584,0.999864,0.83973515,0.9555811,0.1
0.8055392,0.92846274,0.9998462,0.8394316,0.8376038,0.1
0.79963166,0.84081596,0.9998301,0.8499344,0.913792,0.1
0.8134865,0.83924305,0.9998443,0.84025395,0.857129,0.1
0.82456505,0.8507996,0.99984,0.8172758,0.8470054,0.1
0.8112582,0.93259966,0.99984014,0.86388814,0.8377728,0.1
0.81334406,0.86410403,0.99988866,0.65281385,0.82000685,0.1
0.85263383,0.90726465,0.9998697,0.8426225,0.80232054,0.1
0.8396546,0.8979184,0.9998561,0.85000014,0.7017327,0.1
0.9770225,0.94071627,0.9998684,0.87715894,0.80909073,0.1
0.8352542,0.799011,0.999835,0.73030514,0.882232,0.1
0.97664684,0.89401406,0.9999156,0.68975747,0.88860756,0.1
0.8219092,0.86142284,0.99993527,0.8124267,0.8812163,0.1
0.8363447,0.9038782,0.9998702,0.85416347,0.8284149,0.1
0.7858732,0.8652,0.9998373,0.82485074,0.8990635,0.1
0.97895926,0.94608444,0.99986696,0.87551135,0.93239635,0.1
0.80839473,0.8473297,0.9998362,0.84521675,0.8125898,0.1
0.83275443,0.92036206,0.99994504,0.81398976,0.84446585,0.1
0.83800495,0.9800505,0.9998721,0.9086922,0.85286677,0.1
0.8527782,0.97273016,0.9998386,0.8736314,0.92662346,0.1
0.9778871,0.93951994,0.999846,0.8617703,0.935243,0.1
0.8144125,0.79665923,0.9998398,0.8633126,0.809159,0.1
0.82399035,0.92664915,0.9998816,0.8177227,0.85544103,0.1
0.8149584,0.8471802,0.9998605,0.873756,0.9157619,0.1
0.83283997,0.84760827,0.9997991,0.6954768,0.9315556,0.1
0.805667,0.86036265,0.9998354,0.84474844,0.85201716,0.1
0.8025667,0.8622418,0.9998462,0.8493698,0.9136676,0.1
0.8119457,0.7593909,0.9998368,0.7144633,0.84762466,0.1
0.80792964,0.84784275,0.9998398,0.84448636,0.85055596,0.1
0.81449693,0.85514283,0.99984014,0.8479664,0.8851481,0.1
0.8293448,0.9086103,0.99987245,0.88281345,0.9035506,0.1
0.8229846,0.8687666,0.9998276,0.83697784,0.8162316,0.1
0.81021947,0.890758,0.9998685,0.8378552,0.8525063,0.1
0.80662036,0.85297775,0.99984217,0.84902173,0.90907156,0.1
0.81169736,0.8227309,0.99984765,0.85482633,0.89769983,0.1
0.82850146,0.8098794,0.999841,0.8459474,0.8889535,0.1
0.7975545,0.91404015,0.9999362,0.83528185,0.9618726,0.1
0.8074162,0.8677182,0.9999422,0.83018625,0.93222845,0.1
0.8304615,0.90289533,0.9999019,0.64877766,0.92260206,0.1
0.8153237,0.8920996,0.99983776,0.8496811,0.95928216,0.1
0.97411525,0.94283545,0.9998387,0.8573994,0.9475184,0.1
0.79000485,0.93868214,0.99985015,0.84731764,0.84043896,0.1
0.80000854,0.8572436,0.99983895,0.8427887,0.88028824,0.1
0.830504,0.75223756,0.99987376,0.29777122,0.8303738,0.1
0.97699577,0.97181016,0.99986243,0.8988437,0.86897415,0.1
0.8043791,0.87681204,0.9998393,0.8445655,0.8859042,0.1
0.8024854,0.87334484,0.99980944,0.8501602,0.94367814,0.1
0.8040604,0.8517297,0.9998491,0.84814805,0.84566504,0.1
0.8204245,0.9322535,0.99994004,0.815277,0.8354056,0.1
0.81218916,0.87553304,0.99985087,0.8373185,0.8696627,0.1
0.81392294,0.83734155,0.99984324,0.8551214,0.8081757,0.1
0.80804116,0.84713537,0.99982977,0.8422994,0.90316486,0.1
0.8020649,0.85430986,0.9998394,0.8347844,0.95132256,0.1
0.80051494,0.8496997,0.9998479,0.8421299,0.8525904,0.1
0.81627196,0.92710835,0.99993896,0.7680992,0.8971813,0.1
0.97498757,0.9325988,0.9998648,0.8940633,0.8549623,0.1
0.8374288,0.92075646,0.9998815,0.85378176,0.64606595,0.1
0.8407686,0.88555336,0.999864,0.6477063,0.8794045,0.1
0.97750026,0.97514695,0.9998702,0.8539294,0.8785884,0.1
0.85709184,0.9744766,0.9999356,0.84209836,0.8635879,0.1
0.8061385,0.849244,0.9998363,0.8511895,0.6756269,0.1
0.83479667,0.9117135,0.9998704,0.8561663,0.723021,0.1
0.81919366,0.8559158,0.99984,0.8420655,0.86615384,0.1
0.8042614,0.9301118,0.99985003,0.8485076,0.8368412,0.1
0.7954291,0.8089025,0.9999037,0.62149334,0.9329258,0.1
0.8065252,0.86551815,0.99982893,0.84212995,0.86567795,0.1
0.7893459,0.85248935,0.99983513,0.84669226,0.8480175,0.1
0.8090446,0.87789226,0.99985075,0.84510326,0.683759,0.2
0.81967133,0.85905135,0.9998721,0.842818,0.8625411,0.2
0.8408567,0.6668996,0.9998586,0.8565742,0.9364132,0.2
0.8250835,0.8494805,0.9998826,0.8365293,0.8986826,0.2
0.8089769,0.7566615,0.9998198,0.7266634,0.96343035,0.2
0.8194802,0.71153605,0.9998047,0.64735043,0.96856236,0.2
0.85609746,0.88437444,0.9998084,0.8195753,0.8434968,0.2
0.7939,0.8108919,0.99993956,0.79629606,0.86368847,0.2
0.85415286,0.51400816,0.9998547,0.8227037,0.9250146,0.2
0.86371577,0.5306726,0.9998661,0.8686138,0.88575757,0.2
0.8483888,0.5916639,0.9998753,0.8693436,0.8384369,0.2
0.9752075,0.9313593,0.99987745,0.85030925,0.8480683,0.2
0.8185027,0.8999335,0.99987745,0.84952927,0.9060619,0.2
0.82180554,0.76147187,0.999863,0.8426912,0.8660578,0.2
0.8644008,0.18991363,0.9998865,0.5269821,0.7869912,0.2
0.82631356,0.8778127,0.9998518,0.839654,0.82438743,0.2
0.79940253,0.75470024,0.9999058,0.620206,0.8021473,0.2
0.83160263,0.86392707,0.999833,0.85044223,0.9086895,0.2
0.8577658,0.9707902,0.9998635,0.89039034,0.8611305,0.2
0.8129445,0.87496555,0.99984825,0.86824185,0.7890434,0.2
0.8687284,0.9853792,0.9998498,0.88214093,0.83825415,0.2
0.841694,0.9171014,0.99986124,0.8553155,0.8078189,0.2
0.79929286,0.8346915,0.9999403,0.82418805,0.83294016,0.2
0.83903867,0.9512441,0.9998677,0.87376565,0.8499208,0.2
0.97755957,0.9417332,0.99984896,0.8691313,0.65296197,0.2
0.9771475,0.9424013,0.99985623,0.7109539,0.8981857,0.2
0.82307875,0.8827681,0.9998273,0.8363706,0.9280292,0.2
0.980435,0.9922151,0.9999403,0.65417695,0.9301696,0.2
0.8164532,0.8976469,0.99994326,0.7217879,0.79699695,0.2
0.8417397,0.8702056,0.9998729,0.8630631,0.9529557,0.2
0.9768952,0.946035,0.9998412,0.86830896,0.9331848,0.2
0.8107876,0.9303017,0.9998503,0.8365308,0.9129503,0.2
0.8129764,0.8691618,0.99983513,0.8333216,0.8674175,0.2
0.9793832,0.9869806,0.9998259,0.87551934,0.87499386,0.2
0.82970417,0.848404,0.9998677,0.8650531,0.8299109,0.2
0.8209033,0.79997027,0.99980086,0.7010289,0.8242635,0.2
0.8456121,0.95600104,0.9999534,0.45961058,0.8685484,0.2
0.84038866,0.9455696,0.99984705,0.8372385,0.7847338,0.2
0.828379,0.9291349,0.99987483,0.8334069,0.8506139,0.2
0.8947465,0.9821721,0.999892,0.7361125,0.8849812,0.2
0.97923446,0.9468129,0.9999292,0.7769619,0.89496434,0.2
0.9778266,0.96002495,0.99994504,0.83773345,0.856759,0.2
0.79657954,0.94339573,0.999853,0.8259647,0.93671954,0.2
0.8798501,0.9769108,0.9998491,0.801,0.8294353,0.2
0.83505744,0.9323803,0.99987876,0.7834348,0.8189331,0.2
0.8453647,0.97657245,0.99985266,0.84784627,0.8172278,0.2
0.81267244,0.85022527,0.9998411,0.81554794,0.651073,0.2
0.78913903,0.85987794,0.9998338,0.8311159,0.8715628,0.2
0.7946602,0.9046113,0.99987066,0.86240923,0.857928,0.2
0.8042226,0.9208606,0.99985516,0.8554769,0.9262201,0.2
0.8041627,0.80050135,0.99993074,0.68423736,0.8541884,0.2
0.9729614,0.94110066,0.99992657,0.65386355,0.8065025,0.2
0.9772674,0.9720559,0.999884,0.8861111,0.44861543,0.2
0.80156815,0.912386,0.9998497,0.7314247,0.7986897,0.2
0.8814266,0.97371984,0.9998493,0.88074213,0.9135532,0.2
0.78912747,0.8910015,0.9999424,0.60977656,0.9588028,0.2
0.80998623,0.9130594,0.99982774,0.6680777,0.78218615,0.2
0.86628157,0.9693767,0.999859,0.88900703,0.93131155,0.2
0.82792073,0.809286,0.9999329,0.62665385,0.92006814,0.2
0.7985839,0.81405723,0.9997956,0.7529964,0.9126031,0.2
0.8296359,0.91478366,0.99985456,0.8305694,0.9597632,0.2
0.8794296,0.9825896,0.9998611,0.90237063,0.93335414,0.2
0.80646867,0.9260419,0.99984694,0.83740455,0.9119451,0.2
0.8316695,0.84348506,0.9998636,0.8276562,0.85895294,0.2
0.8082983,0.802717,0.9998642,0.8241855,0.86777526,0.2
0.9767273,0.95599866,0.99986315,0.88043845,0.9486074,0.2
0.83045685,0.8717658,0.99988556,0.30787957,0.93081737,0.2
0.8531655,0.9232807,0.9999527,0.80995405,0.8796234,0.2
0.8751201,0.9639377,0.99988353,0.87978727,0.92125815,0.2
0.85582453,0.63977057,0.9998573,0.80231965,0.98462164,0.2
0.9741691,0.94514245,0.9998821,0.8801861,0.8459333,0.2
0.83612883,0.91459155,0.99986446,0.87983745,0.8969632,0.2
0.81070954,0.85925436,0.9998323,0.85144955,0.97760093,0.2
0.88911,0.24249004,0.9998833,0.2962247,0.97445947,0.2
0.9777584,0.9418143,0.9999343,0.86655164,0.81754446,0.2
0.84201235,0.8811371,0.9998859,0.4451209,0.88657933,0.2
0.8122259,0.91895336,0.9998348,0.25079894,0.9687394,0.2
0.8130278,0.92792016,0.9999409,0.80764055,0.95290583,0.2
0.8491069,0.90314853,0.99986386,0.87145334,0.8526566,0.2
0.79221857,0.8282047,0.99982065,0.789515,0.86946124,0.2
0.8076065,0.8963089,0.99994516,0.8259697,0.699103,0.2
0.97676677,0.88263196,0.9999051,0.33832437,0.60131073,0.2
0.8286327,0.9261128,0.99984837,0.8698913,0.84974873,0.2
0.8456118,0.9310649,0.9998927,0.6427577,0.870431,0.2
0.97555214,0.98848933,0.9998572,0.71651083,0.92404896,0.2
0.8460536,0.9471223,0.99996305,0.86368287,0.86439794,0.2
0.8465093,0.97242427,0.9998605,0.9068142,0.7741563,0.2
0.805286,0.82459545,0.9998246,0.7492278,0.39436704,0.2
0.81028783,0.9245166,0.99995303,0.57665753,0.8945645,0.2
0.8391104,0.81447375,0.9999324,0.82805437,0.9839153,0.2
0.8136039,0.9181224,0.9998274,0.60100305,0.8150348,0.2
0.81700414,0.87745845,0.9999362,0.82412106,0.8698243,0.2
0.83118415,0.93299425,0.99994576,0.82655495,0.92697084,0.2
0.84903944,0.82943594,0.99987614,0.85544133,0.79960185,0.2
0.81089914,0.93239003,0.9998209,0.653645,0.819648,0.2
0.80378866,0.9019906,0.9998623,0.83274084,0.8834842,0.2
0.83489823,0.7523351,0.99988127,0.6273632,0.7412259,0.2
0.7967528,0.8717405,0.9998872,0.6480749,0.80194485,0.2
0.88077974,0.9784854,0.9999504,0.8644826,0.89256513,0.2
0.8410081,0.85461074,0.9998617,0.827855,0.91013056,0.2
0.97912246,0.6359002,0.999871,0.8448305,0.96385396,0.30000000000000004
0.83862615,0.94380707,0.9998784,0.8782884,0.90753907,0.30000000000000004
0.9757489,0.9644191,0.9999361,0.85381484,0.905555,0.30000000000000004
0.9771404,0.9243974,0.9998802,0.6808922,0.92438823,0.30000000000000004
0.8841076,0.9785136,0.99994385,0.59952044,0.9462461,0.30000000000000004
0.8070514,0.9231531,0.9998516,0.79922795,0.8694086,0.30000000000000004
0.97664624,0.97819465,0.99991965,0.7062502,0.7819531,0.30000000000000004
0.97890663,0.95743436,0.9998696,0.47337657,0.78532314,0.30000000000000004
0.97746575,0.9915182,0.9998863,0.93274534,0.9076399,0.30000000000000004
0.8177303,0.88300544,0.99994934,0.82973266,0.9719657,0.30000000000000004
0.8811559,0.98194224,0.99994123,0.84576535,0.9557525,0.30000000000000004
0.8603418,0.9651711,0.99991214,0.6752699,0.9720705,0.30000000000000004
0.87960607,0.9285621,0.99995065,0.8179023,0.9809996,0.30000000000000004
0.8466893,0.9182692,0.9998599,0.8547344,0.9700476,0.30000000000000004
0.8101849,0.90177137,0.99984884,0.86771643,0.86283225,0.30000000000000004
0.8489213,0.82445395,0.9998952,0.3288343,0.85377246,0.30000000000000004
0.9781908,0.9427582,0.9999418,0.81607395,0.85135096,0.30000000000000004
0.8366681,0.85881495,0.9999399,0.7705916,0.8725301,0.30000000000000004
0.9771392,0.9483719,0.99983525,0.86824006,0.94659036,0.30000000000000004
0.97920656,0.97652584,0.99994695,0.8710063,0.8964198,0.30000000000000004
0.9807356,0.99050283,0.99985695,0.8640867,0.9136623,0.30000000000000004
0.8427566,0.9467642,0.999954,0.7808934,0.9622676,0.30000000000000004
0.9789138,0.97581124,0.9998497,0.8513657,0.97929484,0.30000000000000004
0.8355557,0.94018924,0.99990606,0.6329375,0.8610453,0.30000000000000004
0.9818828,0.99177927,0.999876,0.9005982,0.9116001,0.30000000000000004
0.80604976,0.88233644,0.99993217,0.8137774,0.95569664,0.30000000000000004
0.82724667,0.90307504,0.99989927,0.28586942,0.9159359,0.30000000000000004
0.97808415,0.98744977,0.9998435,0.87959933,0.9457012,0.30000000000000004
0.7990094,0.9451289,0.9999547,0.8256792,0.918692,0.30000000000000004
0.97917044,0.9702867,0.9998919,0.89240015,0.7943916,0.30000000000000004
0.9809919,0.9571679,0.99987364,0.8601817,0.8787789,0.30000000000000004
0.9789549,0.94975656,0.9998834,0.870372,0.7854604,0.30000000000000004
0.9809605,0.95893687,0.999954,0.8095783,0.9199056,0.30000000000000004
0.9817955,0.98879147,0.9998672,0.9288305,0.9539427,0.30000000000000004
0.82281417,0.9351623,0.99986494,0.781521,0.8975632,0.30000000000000004
0.8109569,0.86587256,0.9998481,0.8438639,0.9690526,0.30000000000000004
0.841353,0.93703866,0.9998678,0.8649241,0.9323972,0.30000000000000004
0.82389534,0.74177814,0.99989045,0.3189278,0.86330473,0.30000000000000004
0.88985056,0.45467448,0.999892,0.20520814,0.9317688,0.30000000000000004
0.9753277,0.9401868,0.999941,0.86018574,0.9710107,0.30000000000000004
0.82137036,0.92056197,0.999871,0.71033806,0.96462613,0.30000000000000004
0.9827613,0.97644526,0.9999516,0.83052254,0.9031806,0.30000000000000004
0.97803456,0.96570057,0.9998822,0.8678898,0.9125532,0.30000000000000004
0.83600295,0.9149045,0.999938,0.69457877,0.76646453,0.30000000000000004
0.9770666,0.9088169,0.9998716,0.8633943,0.6057243,0.30000000000000004
0.86577606,0.9811514,0.99984205,0.7779988,0.8580136,0.30000000000000004
0.7861006,0.77207065,0.9999193,0.54664636,0.9314859,0.30000000000000004
0.8553919,0.5145459,0.9998543,0.84187084,0.9373091,0.30000000000000004
0.8178019,0.8235413,0.9998728,0.84623367,0.9701028,0.30000000000000004
0.8109551,0.89345616,0.99981886,0.6972913,0.8527386,0.30000000000000004
0.85495627,0.72908413,0.9999192,0.44222638,0.8610091,0.30000000000000004
0.97571075,0.93630373,0.9998405,0.76494247,0.9231282,0.30000000000000004
0.8909205,0.98767716,0.9998677,0.9124053,0.98519033,0.30000000000000004
0.8750422,0.9810372,0.9998845,0.87511706,0.84684306,0.30000000000000004
0.8722643,0.98420805,0.9999205,0.76628435,0.88903785,0.30000000000000004
0.9811606,0.99157715,0.9999466,0.88283765,0.9396941,0.30000000000000004
0.8327182,0.928528,0.9998641,0.8230131,0.96922976,0.30000000000000004
0.8727079,0.97354525,0.99991417,0.41688266,0.8492968,0.30000000000000004
0.8425578,0.9521235,0.9998685,0.862238,0.88209677,0.30000000000000004
0.828973,0.94073635,0.99983776,0.6680892,0.89520043,0.30000000000000004
0.83023393,0.75930697,0.99992895,0.66357917,0.952405,0.30000000000000004
0.8616911,0.35911176,0.99984884,0.7858583,0.9001641,0.30000000000000004
0.85724294,0.10774764,0.9999454,0.82050496,0.9456306,0.30000000000000004
0.9779308,0.6482792,0.9998939,0.73339534,0.9341631,0.30000000000000004
0.8307975,0.8183952,0.99984646,0.84984255,0.7549047,0.30000000000000004
0.84369755,0.88290876,0.99983406,0.75946295,0.83320755,0.30000000000000004
0.853966,0.9326201,0.9998498,0.88367534,0.6936209,0.30000000000000004
0.7898698,0.8854068,0.9998976,0.6118055,0.91570425,0.30000000000000004
0.886721,0.9820255,0.99983466,0.84982103,0.9615406,0.30000000000000004
0.85374117,0.97674817,0.9998716,0.8607823,0.89351827,0.30000000000000004
0.98183537,0.9656551,0.99994814,0.67059976,0.972313,0.30000000000000004
0.9788817,0.9861677,0.9998697,0.9210765,0.96729046,0.30000000000000004
0.9799658,0.97749203,0.999951,0.8592213,0.87256277,0.30000000000000004
0.97806716,0.9025585,0.9999294,0.7540468,0.8314958,0.30000000000000004
0.808564,0.9088427,0.9998872,0.8745616,0.90175736,0.30000000000000004
0.84375477,0.9491564,0.99987745,0.77798504,0.85731435,0.30000000000000004
0.8601782,0.87415606,0.99990857,0.32767633,0.9454046,0.30000000000000004
0.87876225,0.9669737,0.9998646,0.8328759,0.9124845,0.30000000000000004
0.97949344,0.9888849,0.99984,0.89834046,0.9735285,0.30000000000000004
0.97690135,0.9445717,0.9998381,0.86265403,0.95882297,0.30000000000000004
0.9753214,0.9725614,0.9998518,0.86808085,0.80749506,0.30000000000000004
0.9780594,0.9891362,0.99987876,0.92457294,0.7791683,0.30000000000000004
0.8589598,0.9832161,0.99994636,0.8783631,0.89296275,0.30000000000000004
0.887508,0.96882343,0.999853,0.8932278,0.95282334,0.30000000000000004
0.9784057,0.9735292,0.99983597,0.8679794,0.93553776,0.30000000000000004
0.819305,0.8845246,0.9999399,0.8285144,0.86347216,0.30000000000000004
0.80974686,0.91376567,0.9998467,0.8472156,0.8711861,0.30000000000000004
0.83485526,0.84671533,0.9998869,0.64570373,0.9386379,0.30000000000000004
0.80804914,0.9198252,0.9998809,0.881606,0.9406398,0.30000000000000004
0.83544,0.9190635,0.999948,0.80254984,0.9063483,0.30000000000000004
0.80825496,0.9313918,0.9998412,0.8217151,0.9173466,0.30000000000000004
0.87822396,0.9810656,0.9998777,0.90576005,0.9330347,0.30000000000000004
0.83505446,0.9647491,0.9999362,0.8200374,0.9227538,0.30000000000000004
0.86993515,0.9522515,0.9999001,0.909583,0.9289507,0.30000000000000004
0.9779599,0.9249192,0.9998417,0.75096285,0.9379716,0.30000000000000004
0.9791237,0.98623186,0.9998462,0.9050802,0.8917729,0.30000000000000004
0.83772373,0.8370702,0.99985087,0.8424979,0.9614135,0.30000000000000004
0.84659564,0.7150069,0.99986124,0.85922563,0.90829605,0.30000000000000004
0.85753876,0.84751505,0.9998765,0.854454,0.9780432,0.30000000000000004
0.9796892,0.896681,0.99987745,0.6240461,0.8709055,0.30000000000000004
0.8578513,0.91836834,0.9999534,0.8550366,0.74807954,0.4
0.9808965,0.95429695,0.9999443,0.6090215,0.9036379,0.4
0.81198114,0.8058406,0.9998847,0.26670185,0.74793327,0.4
0.9801388,0.8927108,0.99995124,0.44139934,0.87264645,0.4
0.83977824,0.35031277,0.9999453,0.5915513,0.8308595,0.4
0.8679076,0.4250379,0.9998473,0.82218444,0.8886443,0.4
0.9822025,0.17132793,0.9998865,0.5135489,0.9776097,0.4
0.98262686,0.9656907,0.9999521,0.84404117,0.89783674,0.4
0.98129153,0.98172337,0.9999478,0.26766133,0.9698164,0.4
0.97863513,0.98891,0.9998778,0.8952332,0.9451135,0.4
0.8826137,0.98080873,0.9998481,0.8430094,0.9398772,0.4
0.81264967,0.91951716,0.9999342,0.6657139,0.98689634,0.4
0.8615856,0.9642933,0.9999634,0.8595111,0.96364284,0.4
0.978635,0.98871,0.99994254,0.8611163,0.9542044,0.4
0.98076576,0.9920139,0.9999019,0.67991346,0.89306414,0.4
0.9820047,0.9914294,0.999949,0.6321394,0.9839676,0.4
0.9791627,0.9803812,0.9999498,0.86095566,0.9616039,0.4
0.83521175,0.9208141,0.9998716,0.8584629,0.97081447,0.4
0.97919995,0.990335,0.99990404,0.4302392,0.9722863,0.4
0.8835363,0.98279977,0.9998864,0.8701227,0.94906443,0.4
0.8836783,0.92737174,0.99989665,0.28205407,0.9532807,0.4
0.8202491,0.9329025,0.9998615,0.5263771,0.9795282,0.4
0.8375042,0.8581302,0.99987936,0.4428348,0.9688196,0.4
0.98196435,0.9787759,0.9999497,0.56046647,0.9110905,0.4
0.86316806,0.96477914,0.9999416,0.6833927,0.94086295,0.4
0.849307,0.8870798,0.99995553,0.83631283,0.9638595,0.4
0.85235107,0.74397904,0.9998623,0.794792,0.82172954,0.4
0.98105985,0.17163484,0.9999416,0.31501803,0.9403567,0.4
0.97564155,0.97572654,0.9998976,0.86896884,0.8543163,0.4
0.9826087,0.9896908,0.9998416,0.84294885,0.7498682,0.4
0.85911214,0.8507917,0.9998646,0.6600072,0.9431105,0.4
0.85159373,0.2709757,0.999944,0.55511665,0.973557,0.4
0.8498551,0.15932955,0.99991214,0.44368976,0.9798584,0.4
0.98108876,0.24908112,0.99987066,0.86353236,0.93811923,0.4
0.9812122,0.37759036,0.99981934,0.73823076,0.9144143,0.4
0.9768565,0.960799,0.99984145,0.71738386,0.92519695,0.4
0.85929745,0.9341608,0.9999597,0.29260397,0.9381297,0.4
0.89964217,0.98068,0.9998907,0.5557737,0.8176768,0.4
0.9806817,0.9795888,0.9999443,0.84292656,0.9130005,0.4
0.8608509,0.9693224,0.99993205,0.6713442,0.8739292,0.4
0.8411949,0.9075481,0.9998381,0.21100438,0.70850796,0.4
0.9759789,0.9720395,0.99992204,0.87125856,0.70220745,0.4
0.8566193,0.8281266,0.9998859,0.21288243,0.6435363,0.4
0.85161823,0.8572391,0.9998666,0.8483035,0.8638444,0.4
0.8226133,0.7814248,0.99988616,0.78152245,0.96604586,0.4
0.98005277,0.8906627,0.9998739,0.8561511,0.8864151,0.4
0.9827153,0.49598852,0.999925,0.76524234,0.88074136,0.4
0.830176,0.9034401,0.9998975,0.88104045,0.85928375,0.4
0.98065615,0.9745257,0.9999372,0.49218106,0.9431869,0.4
0.97880703,0.989922,0.99984837,0.2477272,0.9822741,0.4
0.85491395,0.94270325,0.9999478,0.8360103,0.99012417,0.4
0.9713785,0.9776864,0.99985766,0.9002225,0.97135466,0.4
0.86099446,0.79201317,0.99985516,0.8472399,0.9749219,0.4
0.9804725,0.9645551,0.99991226,0.6038386,0.9913728,0.4
0.8195882,0.93826586,0.9998658,0.8328215,0.9433443,0.4
0.9789917,0.9374284,0.99994564,0.62943393,0.983461,0.4
0.97934914,0.9676148,0.99995005,0.5865269,0.8329282,0.4
0.98065096,0.95709974,0.9999529,0.39400908,0.89483744,0.4
0.870448,0.98075783,0.9998716,0.59250873,0.9494127,0.4
0.9799967,0.95090336,0.9998615,0.87354964,0.9799017,0.4
0.9767729,0.93324924,0.99983287,0.6602007,0.9793205,0.4
0.98059744,0.9881253,0.99995613,0.19749972,0.908883,0.4
0.812331,0.90029323,0.9999354,0.7573585,0.9862092,0.4
0.80321133,0.9116131,0.9998586,0.8646946,0.9734213,0.4
0.8780636,0.964575,0.9998809,0.7051948,0.9669521,0.4
0.98009324,0.9714282,0.9999006,0.6540888,0.9307954,0.4
0.9767655,0.9898122,0.9998779,0.9015934,0.85243213,0.4
0.85829,0.9347883,0.9998486,0.70675904,0.8509045,0.4
0.8574488,0.91442305,0.9999616,0.5854049,0.7616791,0.4
0.815792,0.91725594,0.99987006,0.84705776,0.9060928,0.4
0.97918713,0.9653818,0.99990976,0.6013285,0.95952755,0.4
0.97834396,0.97716767,0.9998481,0.82777786,0.9232621,0.4
0.98091274,0.9927954,0.99994135,0.87280506,0.9601716,0.4
0.84413826,0.958266,0.99994004,0.3202009,0.88707775,0.4
0.8172903,0.9400074,0.99994457,0.8297965,0.95097363,0.4
0.81920594,0.92331,0.9998926,0.66236573,0.79517317,0.4
0.9734658,0.9793595,0.99986684,0.92688924,0.77248067,0.4
0.9781351,0.91510296,0.9999443,0.7549685,0.44105315,0.4
0.9797008,0.9686243,0.99995124,0.2064417,0.80575305,0.4
0.87924635,0.9642308,0.99986875,0.24938995,0.95494765,0.4
0.97613245,0.9235941,0.99981886,0.7514892,0.9860141,0.4
0.89692897,0.9538358,0.99994385,0.43869385,0.97457516,0.4
0.8742921,0.9690955,0.9998559,0.8981209,0.9401731,0.4
0.98230064,0.9769532,0.99987304,0.8855817,0.9482876,0.4
0.8057113,0.9328303,0.99987614,0.8600651,0.9612001,0.4
0.802001,0.9361431,0.9998759,0.8722876,0.8806895,0.4
0.8953023,0.9884902,0.99994314,0.8482601,0.84086996,0.4
0.97928256,0.9737874,0.9998609,0.90505224,0.88475174,0.4
0.8538368,0.9775539,0.99993944,0.6975445,0.949698,0.4
0.83583206,0.9010598,0.99991083,0.46767992,0.9268663,0.4
0.85041857,0.94426346,0.9999622,0.87179947,0.8704885,0.4
0.84782606,0.9377627,0.9998863,0.33040982,0.9376677,0.4
0.98236233,0.93469584,0.99986637,0.780419,0.9499984,0.4
0.976003,0.9564819,0.9998599,0.8923902,0.95980746,0.4
0.88477236,0.982053,0.99982965,0.72265077,0.95037216,0.4
0.9734702,0.9796913,0.9999666,0.5027645,0.87713903,0.4
0.97812897,0.96261984,0.9999635,0.5121076,0.92505145,0.4
0.8171122,0.94007385,0.99987125,0.88480556,0.94881743,0.4
0.8575369,0.9443066,0.9999027,0.87061554,0.96650195,0.4
0.9784923,0.98333883,0.9999398,0.83860016,0.9050249,0.4
0.9807553,0.99027693,0.99994326,0.31197912,0.9747336,0.5
0.8279965,0.9149547,0.9998099,0.23707567,0.96649987,0.5
0.9130251,0.9880447,0.99995124,0.8611923,0.9635266,0.5
0.9798274,0.992558,0.99988806,0.4430122,0.9765228,0.5
0.9795259,0.9456456,0.99986136,0.725228,0.98877627,0.5
0.86986136,0.9855828,0.9999242,0.82521534,0.9742872,0.5
0.8787971,0.98623973,0.9999366,0.6218863,0.9859278,0.5
0.82516414,0.9142841,0.9999572,0.8393006,0.9433043,0.5
0.98367304,0.99337834,0.999944,0.5748927,0.98375237,0.5
0.85564584,0.9356363,0.9998851,0.7919605,0.97311306,0.5
0.90514475,0.988782,0.9998832,0.8834461,0.9842078,0.5
0.9800986,0.99278766,0.9999038,0.7769473,0.9718089,0.5
0.88121617,0.97882926,0.99995446,0.8624482,0.9915296,0.5
0.8784938,0.96089524,0.9999466,0.61665404,0.9890984,0.5
0.857398,0.80400354,0.99995637,0.3685085,0.99343187,0.5
0.8845307,0.29730785,0.99994695,0.6937942,0.9741666,0.5
0.980374,0.58487415,0.9999083,0.5805343,0.9510429,0.5
0.8776259,0.9078421,0.99995756,0.80905163,0.9574451,0.5
0.8344683,0.81087327,0.9999094,0.3303202,0.9582083,0.5
0.9802397,0.7694563,0.9999647,0.55441517,0.987927,0.5
0.98048466,0.9423196,0.9999527,0.8055455,0.94681567,0.5
0.98116297,0.97953624,0.9998976,0.64862585,0.95896417,0.5
0.9815155,0.9906781,0.9999505,0.5814347,0.94823635,0.5
0.98092514,0.98584974,0.99986124,0.8859009,0.9837452,0.5
0.88706434,0.96013093,0.99994755,0.5481483,0.97535545,0.5
0.9823636,0.98906636,0.9999709,0.5443784,0.9870372,0.5
0.9804833,0.97571737,0.99990547,0.9026511,0.98844016,0.5
0.9822404,0.9931161,0.9999368,0.56280017,0.97633386,0.5
0.8627437,0.9749296,0.9999585,0.56575453,0.9587721,0.5
0.98075956,0.9902108,0.9998851,0.49221388,0.9888943,0.5
0.81614834,0.91023034,0.9998393,0.8049039,0.8575071,0.5
0.8899865,0.982724,0.99982446,0.747023,0.9434659,0.5
0.9816421,0.99068516,0.9999362,0.85586643,0.9406639,0.5
0.9794024,0.9725265,0.999959,0.53631544,0.9689463,0.5
0.8819766,0.98002785,0.99995875,0.30351734,0.9774026,0.5
0.8445862,0.9422526,0.9998172,0.21794476,0.93606675,0.5
0.88691247,0.96972275,0.99988866,0.494144,0.9572694,0.5
0.87488526,0.9841621,0.9998745,0.49574077,0.9812344,0.5
0.89145297,0.97826004,0.99987054,0.5985283,0.98984945,0.5
0.97718436,0.9182797,0.999851,0.8110719,0.89959526,0.5
0.9817622,0.93126863,0.9998667,0.80460376,0.9441338,0.5
0.98022574,0.98561686,0.99991286,0.71554226,0.97069585,0.5
0.88760084,0.97636354,0.99984145,0.77347964,0.8762056,0.5
0.8420658,0.65521014,0.99990046,0.5098818,0.88674355,0.5
0.8242399,0.7152033,0.9999287,0.38168254,0.82597613,0.5
0.81725824,0.84831184,0.99995196,0.36209965,0.95210814,0.5
0.9826482,0.90683186,0.9998698,0.796504,0.8735038,0.5
0.9809058,0.83778894,0.99985063,0.83433485,0.896069,0.5
0.9780806,0.842977,0.99984825,0.86697596,0.867612,0.5
0.8790104,0.33868936,0.9999089,0.7963452,0.920589,0.5
0.9799224,0.13813204,0.9999485,0.37260544,0.94600666,0.5
0.9844416,0.8971369,0.99987006,0.8020136,0.8717782,0.5
0.9796974,0.8986332,0.999826,0.6699981,0.87158626,0.5
0.8704465,0.5195749,0.9998802,0.8251646,0.8873516,0.5
0.98181283,0.9720867,0.99994516,0.29708627,0.96008015,0.5
0.87021136,0.9724665,0.9999589,0.47333235,0.9568765,0.5
0.9819447,0.9901219,0.9999579,0.26323602,0.9775188,0.5
0.83946615,0.95187706,0.99993396,0.6662307,0.8352567,0.5
0.85789746,0.95403916,0.99996674,0.7182517,0.81150573,0.5
0.8813615,0.97371155,0.9999198,0.60053223,0.68300545,0.5
0.97919834,0.99344796,0.99994326,0.8545024,0.9220808,0.5
0.98009175,0.97359306,0.9999527,0.6100658,0.90582675,0.5
0.8195046,0.9211887,0.99995744,0.22965321,0.9089701,0.5
0.9808038,0.98893625,0.9999409,0.8344678,0.96112216,0.5
0.98052096,0.989523,0.9999443,0.783521,0.9400664,0.5
0.8949801,0.97837365,0.9998771,0.80052173,0.9487107,0.5
0.87949383,0.9662958,0.99994123,0.54395956,0.96390754,0.5
0.827015,0.8923974,0.9998627,0.8506503,0.9667467,0.5
0.82577264,0.947975,0.9998685,0.84137005,0.98002815,0.5
0.8799529,0.9816974,0.9999144,0.7150192,0.9755495,0.5
0.86731756,0.95180017,0.999923,0.6372068,0.9850856,0.5
0.9786703,0.9908793,0.9998518,0.92328334,0.98418957,0.5
0.85190094,0.94831914,0.9999517,0.828388,0.9208135,0.5
0.9030561,0.9816992,0.99988246,0.8107704,0.9557072,0.5
0.84375983,0.9112465,0.9999397,0.85629934,0.97238547,0.5
0.88905036,0.97601956,0.999943,0.7509644,0.97040606,0.5
0.89865035,0.9801981,0.99995875,0.29204366,0.96564955,0.5
0.98338217,0.9739744,0.99988985,0.9008449,0.9712464,0.5
0.9765846,0.97926694,0.9999404,0.86083835,0.8711829,0.5
0.7931853,0.9332964,0.9998981,0.42763484,0.9136665,0.5
0.88343084,0.9678402,0.99988043,0.16654666,0.8728638,0.5
0.87961054,0.9828051,0.9998673,0.30892015,0.6844121,0.5
0.97947526,0.9800125,0.9999542,0.8577223,0.9429636,0.5
0.9795064,0.990146,0.9999484,0.8082584,0.89860666,0.5
0.8802975,0.9877558,0.99993587,0.622213,0.97134304,0.5
0.8807732,0.98220414,0.9998939,0.50828373,0.9624997,0.5
0.9809124,0.98701245,0.99995613,0.8949704,0.94780606,0.5
0.81889784,0.93717504,0.99993145,0.6672337,0.97581905,0.5
0.8859762,0.982453,0.99994195,0.8590685,0.88079804,0.5
0.97945374,0.96823794,0.99994326,0.34774372,0.75417256,0.5
0.9774201,0.9716815,0.99988425,0.89695007,0.91356134,0.5
0.9737688,0.95240736,0.99984264,0.7908872,0.91009355,0.5
0.9786349,0.96902597,0.99995923,0.6478645,0.95516557,0.5
0.8625736,0.9218863,0.9999608,0.3736084,0.95602554,0.5
0.9001347,0.97983354,0.9999459,0.52081376,0.98261833,0.5
0.8644605,0.94064057,0.9998919,0.86278903,0.9401864,0.5
0.98225385,0.99291575,0.9999552,0.70589167,0.81969696,0.5
0.97833306,0.98254067,0.9999577,0.30026132,0.75640965,0.5
0.8711359,0.981188,0.99985623,0.770151,0.9022935,0.5
0.89318895,0.98185056,0.99996126,0.70048594,0.95254105,0.5
0.9792388,0.98093516,0.9999579,0.84170467,0.98209184,0.6
0.9847407,0.9897815,0.99991107,0.3294512,0.99289906,0.6
0.88667434,0.96385276,0.99997115,0.4410593,0.9727989,0.6
0.9819709,0.93701816,0.9998498,0.19924736,0.9711175,0.6
0.9812873,0.9837595,0.99989784,0.880072,0.97459406,0.6
0.8724275,0.9019569,0.9999312,0.62685305,0.9184487,0.6
0.8226904,0.7631852,0.9998772,0.78361267,0.9854248,0.6
0.89287347,0.48147142,0.99995697,0.42915913,0.9945076,0.6
0.8230731,0.94651324,0.9998932,0.8583507,0.98920804,0.6
0.913538,0.98891187,0.99995196,0.8190425,0.97151065,0.6
0.97954774,0.9898525,0.99993455,0.56988037,0.9606272,0.6
0.84291613,0.9247603,0.9998553,0.34128267,0.9262735,0.6
0.8618598,0.94378465,0.9999608,0.39639682,0.9581293,0.6
0.9818973,0.9565891,0.999853,0.42607427,0.98211515,0.6
0.9803608,0.9802919,0.9999552,0.2970962,0.9063464,0.6
0.98195285,0.9090389,0.9999709,0.3583416,0.93755645,0.6
0.9820632,0.98353124,0.99994385,0.45396918,0.9184062,0.6
0.8752503,0.94522554,0.99994385,0.6105012,0.98245966,0.6
0.9834062,0.9910958,0.99985635,0.9046923,0.99262816,0.6
0.9033951,0.989195,0.9999424,0.7076218,0.91414934,0.6
0.9818625,0.9922454,0.9999608,0.21090645,0.96864825,0.6
0.97989994,0.992867,0.9998807,0.873005,0.97387934,0.6
0.98163396,0.99256766,0.99994075,0.258771,0.99456257,0.6
0.98027325,0.9749683,0.99996746,0.44511345,0.9793987,0.6
0.9819624,0.99066496,0.99996364,0.62402445,0.9745344,0.6
0.97663224,0.97341037,0.99987173,0.5544918,0.985024,0.6
0.912309,0.9844413,0.99995315,0.8969348,0.9674521,0.6
0.9819787,0.9901496,0.9998628,0.9040754,0.9799406,0.6
0.9785443,0.9851643,0.99986315,0.6998101,0.95868987,0.6
0.9810977,0.97150785,0.9999709,0.541101,0.90736663,0.6
0.8076523,0.9326203,0.99986637,0.8625928,0.9462332,0.6
0.8990671,0.9726618,0.99988437,0.60376185,0.95569795,0.6
0.98391736,0.9792964,0.9999361,0.27964106,0.96798956,0.6
0.867848,0.9707656,0.999949,0.048015606,0.8460483,0.6
0.97912264,0.9690671,0.99982786,0.66984916,0.75216883,0.6
0.88284475,0.9851377,0.9998915,0.4604735,0.8950056,0.6
0.8863371,0.98130643,0.999863,0.8950858,0.95287615,0.6
0.85785633,0.94663864,0.9999411,0.619955,0.932266,0.6
0.9806261,0.9920615,0.9998838,0.4568468,0.9812387,0.6
0.9807391,0.9325922,0.99987507,0.29676697,0.99003685,0.6
0.97796476,0.9889837,0.99995947,0.18282445,0.957851,0.6
0.88219285,0.9826601,0.9999442,0.8571479,0.9353518,0.6
0.872817,0.9603164,0.9999603,0.8001952,0.97698396,0.6
0.8908765,0.9855773,0.9999434,0.7657835,0.9089043,0.6
0.8776651,0.9777214,0.99993575,0.7028595,0.9765302,0.6
0.983013,0.9927683,0.99993324,0.78796566,0.9859677,0.6
0.8741429,0.9805691,0.9999316,0.7074248,0.98958206,0.6
0.904304,0.9803053,0.9999161,0.34502593,0.9379872,0.6
0.97945213,0.94449395,0.9998592,0.759439,0.98459274,0.6
0.98191154,0.98869705,0.9998305,0.89526176,0.9745901,0.6
0.8871262,0.97970665,0.99993837,0.6924032,0.94762206,0.6
0.9829352,0.9260187,0.99984896,0.27659836,0.99221414,0.6
0.9794224,0.96633965,0.99989605,0.63382465,0.98228663,0.6
0.9803044,0.98114634,0.9999629,0.4772753,0.9816791,0.6
0.9825591,0.98579514,0.99996984,0.5804642,0.98321044,0.6
0.9814719,0.99195015,0.99983525,0.6725078,0.99302906,0.6
0.8210439,0.90951264,0.99992275,0.41786432,0.99182135,0.6
0.98304796,0.98896176,0.99996233,0.62138456,0.99478096,0.6
0.98552173,0.98960054,0.99996245,0.7939813,0.9831324,0.6
0.88777655,0.9856162,0.9999099,0.91977406,0.98368394,0.6
0.9799413,0.99128133,0.9999498,0.74594855,0.9796194,0.6
0.98084086,0.9601462,0.9999347,0.48346716,0.97513527,0.6
0.9815911,0.97450477,0.999951,0.75785834,0.9171913,0.6
0.9015739,0.989005,0.9999521,0.7151272,0.8840918,0.6
0.8601854,0.69436216,0.99992025,0.36809614,0.8932106,0.6
0.98132974,0.8841164,0.9999602,0.33941808,0.9030698,0.6
0.9830003,0.55619365,0.9999262,0.78920335,0.9471536,0.6
0.87758344,0.5903362,0.9999409,0.27031797,0.9693093,0.6
0.9827644,0.12711272,0.9998573,0.5693631,0.9731188,0.6
0.8638789,0.8946004,0.99994576,0.8027751,0.7583419,0.6
0.91082853,0.9521803,0.9999424,0.7463363,0.9255672,0.6
0.89988303,0.9851946,0.9999591,0.90181935,0.95840156,0.6
0.98050094,0.99092543,0.9999479,0.6866673,0.9209617,0.6
0.98170495,0.9751209,0.99996126,0.2274643,0.9296413,0.6
0.97821677,0.9912034,0.99994457,0.72869235,0.9863369,0.6
0.8934605,0.9887052,0.99995387,0.80108976,0.98050404,0.6
0.98479533,0.9895633,0.9999161,0.45469835,0.98326343,0.6
0.8650615,0.9523376,0.9999039,0.20768397,0.9644331,0.6
0.9013269,0.9801236,0.9999621,0.531421,0.9704582,0.6
0.9796643,0.98675877,0.9998642,0.17723079,0.91418546,0.6
0.8605589,0.96077585,0.9999641,0.29186267,0.97464925,0.6
0.9815974,0.99231976,0.999959,0.24108523,0.9566593,0.6
0.98303187,0.9911014,0.9999665,0.5749397,0.99118465,0.6
0.85381883,0.8580939,0.99985933,0.45841578,0.97833073,0.6
0.8740415,0.96593815,0.9999521,0.2090727,0.98033583,0.6
0.98264325,0.9872519,0.99994075,0.52332413,0.97472316,0.6
0.9804196,0.98797506,0.9999186,0.61462647,0.9869735,0.6
0.85866946,0.95969075,0.9999026,0.14655547,0.98358893,0.6
0.9818116,0.99254334,0.99985766,0.8705964,0.9722014,0.6
0.89954597,0.98755115,0.99994695,0.7510062,0.9797458,0.6
0.98162913,0.962302,0.9999422,0.74237645,0.97664714,0.6
0.9823726,0.98797274,0.99994516,0.79006386,0.9916189,0.6
0.87575203,0.97004324,0.9998684,0.77316177,0.9911628,0.6
0.9818974,0.96366096,0.9999454,0.7028066,0.9895076,0.6
0.9772562,0.96922386,0.9999441,0.65054053,0.97300446,0.6
0.9800536,0.9612411,0.9999622,0.613807,0.9705859,0.6
0.90293175,0.9832496,0.999946,0.5975748,0.99393046,0.6
0.97646546,0.9770726,0.9999491,0.7170209,0.9761587,0.6
0.907965,0.98872596,0.9998746,0.8135518,0.94296956,0.6
0.90047604,0.98636174,0.9998815,0.80496377,0.9795543,0.6
0.83156496,0.90242654,0.9999504,0.65744895,0.9729806,0.7000000000000001
0.90004116,0.9797615,0.9999448,0.6735626,0.9734402,0.7000000000000001
0.88452065,0.9886325,0.999949,0.80226475,0.98790073,0.7000000000000001
0.982343,0.99250895,0.9999496,0.47950122,0.95921946,0.7000000000000001
0.979328,0.98914295,0.9998871,0.31013235,0.8722756,0.7000000000000001
0.984876,0.9919482,0.9999573,0.1883206,0.951382,0.7000000000000001
0.98371756,0.9720991,0.99996924,0.5039068,0.9471275,0.7000000000000001
0.97962976,0.98977077,0.99989367,0.54032326,0.92960536,0.7000000000000001
0.89782566,0.9854778,0.99995494,0.68245983,0.963266,0.7000000000000001
0.8506716,0.95641917,0.9999598,0.555747,0.9422983,0.7000000000000001
0.8865662,0.9865202,0.9999504,0.4474642,0.9811462,0.7000000000000001
0.90707415,0.98709494,0.9999567,0.1771306,0.97798723,0.7000000000000001
0.9796228,0.9911307,0.999943,0.74824774,0.9913476,0.7000000000000001
0.8880817,0.9075563,0.9999553,0.42179427,0.9797061,0.7000000000000001
0.98282534,0.97662497,0.99995625,0.42904794,0.98823535,0.7000000000000001
0.87803584,0.9266987,0.9998808,0.8193182,0.9707324,0.7000000000000001
0.98304313,0.87729764,0.9999465,0.24306218,0.96911836,0.7000000000000001
0.9867578,0.17188106,0.99995327,0.45872787,0.9924584,0.7000000000000001
0.9855473,0.7370894,0.9999137,0.7793188,0.98150027,0.7000000000000001
0.98176277,0.8385953,0.99992335,0.6023551,0.9922678,0.7000000000000001
0.9816034,0.46519786,0.99995065,0.5597377,0.9923943,0.7000000000000001
0.9765311,0.92500114,0.99995184,0.7423624,0.9614215,0.7000000000000001
0.88542354,0.2326093,0.999956,0.6305574,0.9822025,0.7000000000000001
0.983797,0.17914864,0.999943,0.32319203,0.97575104,0.7000000000000001
0.9835881,0.91746616,0.9999032,0.81051606,0.98712254,0.7000000000000001
0.9816005,0.9893685,0.9999052,0.7416349,0.99393636,0.7000000000000001
0.9849423,0.9921421,0.9999033,0.31793115,0.98111355,0.7000000000000001
0.9810285,0.98969615,0.99996126,0.19733518,0.973435,0.7000000000000001
0.9822534,0.99183476,0.99996734,0.23912445,0.9916592,0.7000000000000001
0.98396087,0.99100304,0.99996555,0.54864573,0.99106884,0.7000000000000001
0.98018634,0.96614164,0.9998642,0.27162385,0.96521455,0.7000000000000001
0.890281,0.9847209,0.99996066,0.20293738,0.9913316,0.7000000000000001
0.98182684,0.99131846,0.9998721,0.20506789,0.98743224,0.7000000000000001
0.9821988,0.9737671,0.9999608,0.27298343,0.9931733,0.7000000000000001
0.98380154,0.9935493,0.9999536,0.2233188,0.99145144,0.7000000000000001
0.81032205,0.93719316,0.9999418,0.72398293,0.9757553,0.7000000000000001
0.9825633,0.9913327,0.999961,0.9179297,0.9737891,0.7000000000000001
0.9821817,0.97547656,0.9998233,0.7415025,0.9842067,0.7000000000000001
0.9827031,0.9683802,0.99992895,0.8032297,0.9912073,0.7000000000000001
0.88254416,0.9752939,0.99989486,0.8792038,0.98206884,0.7000000000000001
0.98093706,0.8947902,0.99994206,0.700961,0.9866477,0.7000000000000001
0.8759638,0.17029868,0.99995315,0.42743105,0.9735292,0.7000000000000001
0.98269284,0.41249773,0.99986196,0.47803435,0.98717576,0.7000000000000001
0.9785558,0.97687596,0.99989974,0.099663146,0.9812231,0.7000000000000001
0.90391153,0.9863462,0.9999716,0.54401886,0.9745466,0.7000000000000001
0.9807341,0.99275655,0.99996305,0.84015095,0.9933055,0.7000000000000001
0.98137766,0.98800814,0.9998902,0.43634668,0.9847184,0.7000000000000001
0.91335493,0.98340166,0.99996006,0.32213306,0.99376726,0.7000000000000001
0.9812682,0.95620114,0.9999652,0.16597854,0.9908093,0.7000000000000001
0.8777405,0.9858747,0.99996126,0.3289014,0.9849593,0.7000000000000001
0.97866553,0.9896917,0.99996245,0.25302765,0.99188375,0.7000000000000001
0.97833955,0.992652,0.999941,0.7183884,0.96320784,0.7000000000000001
0.8783334,0.98438555,0.99994636,0.8392194,0.9853196,0.7000000000000001
0.9825865,0.98320574,0.99988294,0.8447048,0.9868476,0.7000000000000001
0.89761204,0.9756983,0.99989676,0.37336048,0.9941561,0.7000000000000001
0.98045564,0.95518297,0.9999577,0.16384812,0.97462475,0.7000000000000001
0.9798456,0.97624695,0.9999583,0.5636376,0.99108654,0.7000000000000001
0.97952235,0.9926305,0.99993825,0.7278286,0.98901296,0.7000000000000001
0.98221576,0.9803152,0.9999602,0.19894022,0.98129064,0.7000000000000001
0.9803986,0.9922908,0.9999598,0.23921211,0.97872293,0.7000000000000001
0.89609885,0.9865992,0.9999658,0.45893568,0.93168145,0.7000000000000001
0.9834758,0.990303,0.999964,0.5803974,0.9821683,0.7000000000000001
0.98377305,0.9937543,0.9999589,0.23852713,0.9917385,0.7000000000000001
0.9813849,0.9920189,0.99995065,0.7280888,0.9744747,0.7000000000000001
0.9044803,0.9873259,0.99995494,0.1834756,0.99085885,0.7000000000000001
0.90976983,0.985391,0.99996245,0.452628,0.98529994,0.7000000000000001
0.98178077,0.9889191,0.99995947,0.22005925,0.98703915,0.7000000000000001
0.9832166,0.97229856,0.9999558,0.6515893,0.97595584,0.7000000000000001
0.87560195,0.93735635,0.99996316,0.37114087,0.9775988,0.7000000000000001
0.9828771,0.9756645,0.99990165,0.26568452,0.9808287,0.7000000000000001
0.8389669,0.96400005,0.9999646,0.28582442,0.9813508,0.7000000000000001
0.9814254,0.99154246,0.9998528,0.25642127,0.97997427,0.7000000000000001
0.9833418,0.9921821,0.9999609,0.18148048,0.9725365,0.7000000000000001
0.9085288,0.9848684,0.99996305,0.4781127,0.9773941,0.7000000000000001
0.9820503,0.99180555,0.99988866,0.537821,0.9905956,0.7000000000000001
0.86550754,0.936003,0.9998727,0.7509616,0.86895674,0.7000000000000001
0.85908794,0.5940413,0.9999498,0.21432166,0.9012427,0.7000000000000001
0.8797393,0.16788179,0.99994516,0.5750671,0.9488389,0.7000000000000001
0.98125076,0.24618077,0.99991333,0.40766075,0.953948,0.7000000000000001
0.9789099,0.5270034,0.9999671,0.46449137,0.9766683,0.7000000000000001
0.9022098,0.71532744,0.99996614,0.7484913,0.9506654,0.7000000000000001
0.8533104,0.91034186,0.99994004,0.27861512,0.95253575,0.7000000000000001
0.98327625,0.99003685,0.9999635,0.65169525,0.98020977,0.7000000000000001
0.98241997,0.9635788,0.99995625,0.56696427,0.9928229,0.7000000000000001
0.9811509,0.9678421,0.99990416,0.21620698,0.98147947,0.7000000000000001
0.9820311,0.9892049,0.9999348,0.8082098,0.96893936,0.7000000000000001
0.98363644,0.99433714,0.99994516,0.85308045,0.953899,0.7000000000000001
0.98162705,0.97840136,0.99995375,0.8027098,0.9801703,0.7000000000000001
0.889238,0.9875265,0.99995685,0.7444764,0.93223464,0.7000000000000001
0.98263425,0.99105823,0.99995625,0.48253474,0.97707534,0.7000000000000001
0.9843561,0.988947,0.999962,0.6463975,0.96264637,0.7000000000000001
0.978566,0.97048193,0.99995244,0.66243815,0.9692132,0.7000000000000001
0.98028255,0.99269956,0.9999616,0.7716776,0.97800684,0.7000000000000001
0.9814352,0.99058294,0.99996114,0.41952273,0.9921078,0.7000000000000001
0.8932861,0.9585439,0.9998481,0.11946657,0.97732997,0.7000000000000001
0.98038447,0.98217666,0.99983776,0.8354998,0.9673867,0.7000000000000001
0.98153424,0.9863987,0.99994445,0.88901985,0.9895433,0.7000000000000001
0.98291206,0.993708,0.99994826,0.68650305,0.9952791,0.7000000000000001
0.97878677,0.99090844,0.99994016,0.84645134,0.9836844,0.7000000000000001
0.89011383,0.95543885,0.9999602,0.4044862,0.9757313,0.7000000000000001
0.9834638,0.991055,0.999966,0.6153245,0.9834561,0.8
0.9798765,0.99007213,0.99995065,0.73836666,0.9905868,0.8
0.90377325,0.9849458,0.9999534,0.4447219,0.98963624,0.8
0.98254424,0.98111457,0.9999622,0.26362646,0.9936791,0.8
0.9833635,0.99094546,0.9999558,0.79985416,0.9935135,0.8
0.9849021,0.9925425,0.9999522,0.17228447,0.9944014,0.8
0.9088451,0.98715836,0.9999609,0.23117363,0.9932682,0.8
0.98421544,0.99228525,0.99995685,0.25291455,0.9905137,0.8
0.9823334,0.9923949,0.99995947,0.27849257,0.99112433,0.8
0.98219126,0.99107563,0.99995923,0.27141485,0.9911543,0.8
0.98287696,0.9919018,0.9999596,0.2381872,0.9882912,0.8
0.98391706,0.99357903,0.999954,0.55799615,0.99242264,0.8
0.98029584,0.9920426,0.9999536,0.22741951,0.9907357,0.8
0.9823108,0.99174905,0.9998449,0.23596705,0.99059254,0.8
0.97687453,0.97174793,0.99994147,0.75112087,0.9925902,0.8
0.98363495,0.9884702,0.9999535,0.4570261,0.94519496,0.8
0.98281705,0.97415495,0.99995315,0.41032928,0.91399515,0.8
0.98203665,0.98975414,0.9999275,0.58600307,0.967917,0.8
0.981672,0.91335005,0.9999535,0.29326758,0.990299,0.8
0.98153245,0.91707975,0.9998443,0.5500658,0.9907861,0.8
0.9828447,0.2516658,0.9998055,0.06876854,0.99115914,0.8
0.98101556,0.92138845,0.9999466,0.06589355,0.98278946,0.8
0.982623,0.9885549,0.9999653,0.5688565,0.99098283,0.8
0.9805068,0.9601738,0.99993885,0.5446432,0.983682,0.8
0.98122036,0.97434324,0.9999633,0.16114974,0.9917277,0.8
0.98367786,0.9925097,0.9999602,0.2983508,0.9807521,0.8
0.8991696,0.98490417,0.9999654,0.24027696,0.9919652,0.8
0.98189193,0.9924759,0.9999491,0.77279645,0.9926582,0.8
0.98442984,0.99184835,0.99996364,0.82287854,0.9691427,0.8
0.980113,0.9922173,0.99995875,0.5691225,0.9759378,0.8
0.9822483,0.9932371,0.99994385,0.9001626,0.9911136,0.8
0.9804099,0.99390924,0.9999559,0.9118245,0.9758991,0.8
0.9802995,0.9919591,0.9998331,0.69933236,0.9757544,0.8
0.98282284,0.990726,0.9998882,0.2785107,0.99003685,0.8
0.8827026,0.9760774,0.9999567,0.2709261,0.98921424,0.8
0.9813794,0.99269426,0.9999454,0.77771777,0.99134266,0.8
0.98530376,0.99154097,0.99995375,0.5164506,0.9910035,0.8
0.98500025,0.9912975,0.99989486,0.68025225,0.9821348,0.8
0.88463694,0.9735362,0.99995065,0.37225756,0.99369836,0.8
0.9796651,0.97832286,0.9999559,0.21131766,0.9880584,0.8
0.9839692,0.8456573,0.9999126,0.24464446,0.99334055,0.8
0.87202704,0.30384392,0.9999474,0.22870494,0.9842167,0.8
0.98347837,0.6504019,0.9999291,0.7656958,0.9953193,0.8
0.887982,0.33400312,0.9999026,0.28738004,0.9788745,0.8
0.8845903,0.7632305,0.9998652,0.19968194,0.98415357,0.8
0.98134375,0.9810874,0.9999573,0.81226104,0.99022317,0.8
0.90284383,0.98176837,0.9999615,0.5563502,0.9920292,0.8
0.98245025,0.99228364,0.99994516,0.70213133,0.9905201,0.8
0.9841775,0.98972553,0.99995196,0.55255103,0.98893213,0.8
0.9840717,0.9912649,0.99995184,0.80492353,0.9872127,0.8
0.90764964,0.983814,0.9999597,0.29373536,0.9704288,0.8
0.9789898,0.9827424,0.9999603,0.25283873,0.9462497,0.8
0.98221934,0.9791448,0.9999578,0.2705343,0.95001566,0.8
0.9002965,0.98060936,0.9998367,0.5916348,0.9836758,0.8
0.9831246,0.9880036,0.999944,0.5193808,0.9881022,0.8
0.98456144,0.98580277,0.9999474,0.046105105,0.9918686,0.8
0.9077184,0.9752138,0.9998785,0.044575516,0.97859293,0.8
0.9816197,0.9068285,0.99994767,0.053311683,0.9852357,0.8
0.9840709,0.9806517,0.999946,0.045113176,0.9600778,0.8
0.98167956,0.9878946,0.99995124,0.059795745,0.99174577,0.8
0.98229504,0.9924253,0.9999449,0.686297,0.9856706,0.8
0.9832487,0.98958874,0.99996114,0.23508495,0.98637795,0.8
0.98431104,0.9893881,0.9999665,0.2022865,0.98881614,0.8
0.905194,0.9726962,0.9999522,0.7286038,0.9906138,0.8
0.98505324,0.9923883,0.9999405,0.83562374,0.98397934,0.8
0.983287,0.98940814,0.99995315,0.76792955,0.97874033,0.8
0.982767,0.9916328,0.99994564,0.34601086,0.990357,0.8
0.98086494,0.9903032,0.99995804,0.28593475,0.98723865,0.8
0.97833055,0.9737879,0.99996173,0.22878395,0.96761906,0.8
0.98413056,0.9903499,0.9999616,0.30283037,0.9736232,0.8
0.98218864,0.9772449,0.9999633,0.23703079,0.99312747,0.8
0.89817405,0.98380774,0.99995995,0.2989192,0.9905438,0.8
0.9822441,0.9928262,0.99996066,0.15864812,0.9926924,0.8
0.98254114,0.99158365,0.99996126,0.23613305,0.95760167,0.8
0.98143435,0.9803403,0.99995244,0.74059105,0.9944606,0.8
0.89110523,0.98650557,0.999931,0.4896688,0.99274194,0.8
0.98219866,0.98939544,0.99995553,0.1340582,0.97470707,0.8
0.9160335,0.98394775,0.99996305,0.16592275,0.99193645,0.8
0.9836463,0.9909122,0.9998739,0.27730432,0.9926508,0.8
0.98029387,0.978827,0.99995136,0.7464526,0.9946307,0.8
0.9100812,0.9867879,0.9999565,0.39855233,0.9848347,0.8
0.9829805,0.99108046,0.99995995,0.24502404,0.9817529,0.8
0.98238474,0.9918566,0.9999641,0.31060436,0.99084914,0.8
0.98330635,0.99142516,0.9998858,0.20184673,0.9865355,0.8
0.98139936,0.9917229,0.9998803,0.8154517,0.9714462,0.8
0.97918254,0.9773039,0.9999486,0.7417736,0.97323203,0.8
0.98379266,0.99149173,0.9999263,0.58061725,0.99205035,0.8
0.98165214,0.9906743,0.9998834,0.17013788,0.99171585,0.8
0.9828418,0.98864424,0.99986446,0.8769932,0.98379344,0.8
0.978884,0.99170566,0.9998832,0.8372287,0.9553184,0.8
0.98401165,0.99362683,0.9998851,0.92276627,0.98614615,0.8
0.9840808,0.99362445,0.9999424,0.6569511,0.9903336,0.8
0.9798023,0.99081963,0.99995685,0.22676612,0.9761603,0.8
0.9817598,0.99204034,0.99995947,0.29055488,0.99247384,0.8
0.9824331,0.99198467,0.999962,0.31724724,0.98335326,0.8
0.9069362,0.9815144,0.999961,0.21327169,0.950506,0.8
0.9816944,0.9922954,0.9999627,0.46812776,0.94403964,0.8
0.9825401,0.97613937,0.99996436,0.21664143,0.9645791,0.8
0.8851046,0.9848823,0.9999007,0.8770228,0.992879,0.8
0.98244894,0.9818001,0.99993646,0.6789243,0.99300003,0.8
0.98385924,0.99267536,0.99995697,0.54558855,0.99363625,0.9
0.98291576,0.9918242,0.999961,0.18903378,0.9933937,0.9
0.98375285,0.98049635,0.9999615,0.26552728,0.98206747,0.9
0.9826874,0.9920815,0.9999603,0.2300495,0.992163,0.9
0.9825494,0.9922975,0.99995697,0.198367,0.98809147,0.9
0.98447603,0.99075365,0.9998776,0.23013625,0.9937441,0.9
0.98306817,0.99203426,0.99995947,0.23528068,0.99284863,0.9
0.98342913,0.99120355,0.9999629,0.26441118,0.99343127,0.9
0.98289156,0.9928092,0.9999596,0.21219383,0.98114324,0.9
0.9817379,0.9805399,0.9999542,0.84038275,0.97860783,0.9
0.9838493,0.9937708,0.99994516,0.75110257,0.99426514,0.9
0.9838657,0.99161,0.99987507,0.26117918,0.9938466,0.9
0.98493123,0.9920364,0.9999622,0.23716761,0.99213034,0.9
0.9832734,0.9908091,0.9998851,0.2767038,0.99282986,0.9
0.98294073,0.99253666,0.99995863,0.24631627,0.9923195,0.9
0.9820192,0.99181366,0.99996364,0.23288792,0.99264294,0.9
0.9799019,0.979679,0.99995625,0.78767073,0.991793,0.9
0.98337317,0.9920739,0.9999552,0.45076418,0.9827849,0.9
0.9861355,0.99303573,0.9999633,0.56915516,0.9943189,0.9
0.9831271,0.99088436,0.99992895,0.66840976,0.99306124,0.9
0.9836526,0.99177235,0.99996054,0.2161364,0.9929986,0.9
0.98347914,0.992093,0.9999615,0.2526856,0.99222106,0.9
0.98176193,0.97194225,0.99996483,0.2111461,0.9824552,0.9
0.9828237,0.9932025,0.9999441,0.74993986,0.9902328,0.9
0.98300827,0.9894258,0.99995935,0.4815011,0.97190946,0.9
0.9801293,0.98917,0.99989665,0.23191847,0.99333984,0.9
0.9848829,0.9908778,0.99996126,0.26459303,0.9900046,0.9
0.980355,0.9711022,0.999961,0.22888376,0.988897,0.9
0.9824179,0.99290437,0.9999497,0.80942947,0.9868994,0.9
0.9834508,0.99140364,0.9999161,0.53527135,0.9911362,0.9
0.98316646,0.9906929,0.99995995,0.2577133,0.9928833,0.9
0.98229283,0.9905116,0.99994695,0.7787461,0.975806,0.9
0.97977954,0.98962843,0.99996257,0.7828826,0.98336893,0.9
0.98168474,0.97649366,0.9999714,0.74925727,0.9895649,0.9
0.9836053,0.99226564,0.9999573,0.49691036,0.9931217,0.9
0.98252445,0.99233377,0.9999546,0.7936675,0.9925799,0.9
0.983264,0.99186033,0.9999578,0.522624,0.99300873,0.9
0.89355016,0.9808249,0.9999589,0.15847613,0.99141663,0.9
0.9821004,0.99117297,0.99996316,0.19361372,0.9923449,0.9
0.9838489,0.99048084,0.9999685,0.5564994,0.9917105,0.9
0.9830058,0.9906433,0.99995255,0.80073935,0.99224573,0.9
0.9822895,0.96924734,0.99995553,0.40645692,0.99211675,0.9
0.98233485,0.99018705,0.999959,0.20156972,0.99266523,0.9
0.9833159,0.9918379,0.99991155,0.93997633,0.9782322,0.9
0.9833349,0.9934011,0.9999511,0.8958171,0.98244387,0.9
0.89121544,0.985601,0.99994445,0.87582195,0.99066997,0.9
0.98283803,0.9927852,0.99994874,0.33961463,0.99168044,0.9
0.9003276,0.9858466,0.99996185,0.32043344,0.99066305,0.9
0.9804569,0.9878626,0.99996316,0.24966732,0.991439,0.9
0.9829168,0.9922833,0.99996626,0.575257,0.9927557,0.9
0.9829334,0.9915249,0.9999678,0.52226037,0.9935829,0.9
0.98041165,0.9744445,0.9999658,0.2018791,0.9666775,0.9
0.9826226,0.99287754,0.9999652,0.15713024,0.99363506,0.9
0.9820817,0.9915946,0.99996245,0.24383622,0.9891689,0.9
0.9830109,0.9925982,0.99995875,0.21844319,0.99332434,0.9
0.98290837,0.9913312,0.99996185,0.2359782,0.99316967,0.9
0.9811715,0.99137247,0.99995995,0.30128166,0.9784445,0.9
0.98199385,0.99156135,0.9999628,0.21751471,0.97764426,0.9
0.9810703,0.9915093,0.9999654,0.17833763,0.97873074,0.9
0.9833493,0.99192315,0.9999621,0.2088526,0.9937698,0.9
0.9822696,0.99145925,0.999969,0.553016,0.98982203,0.9
0.9822733,0.97466403,0.99996567,0.20088944,0.9929289,0.9
0.98209435,0.9901003,0.9999496,0.67949975,0.99236906,0.9
0.985123,0.99162453,0.9999579,0.32217047,0.9935324,0.9
0.9828562,0.9875022,0.99989164,0.2644188,0.9804292,0.9
0.98277444,0.9886481,0.9999621,0.31972483,0.9885804,0.9
0.9811747,0.9746695,0.99995923,0.22925527,0.99370486,0.9
0.982602,0.9927597,0.99996006,0.26262072,0.9938107,0.9
0.9842107,0.9924966,0.9999465,0.76863104,0.9946514,0.9
0.98268384,0.9912758,0.9999542,0.41742617,0.99317354,0.9
0.98297125,0.9574338,0.9998933,0.153894,0.9937761,0.9
0.98420495,0.98817784,0.99993443,0.8132915,0.99436104,0.9
0.98387754,0.99099004,0.999951,0.79927915,0.99355316,0.9
0.9858665,0.99177825,0.99995565,0.5233976,0.9660541,0.9
0.98360336,0.99266523,0.9999583,0.22187786,0.9949869,0.9
0.9841511,0.9915592,0.99995995,0.23100998,0.99412006,0.9
0.9844752,0.99258864,0.9999614,0.1756684,0.9934309,0.9
0.98193204,0.9910193,0.9999629,0.27929538,0.9930628,0.9
0.9830509,0.98981535,0.99996257,0.22560938,0.99384815,0.9
0.9845084,0.99142426,0.9999598,0.33142027,0.98296803,0.9
0.9842795,0.99070626,0.9999604,0.24781157,0.9847729,0.9
0.98483145,0.98966974,0.9999591,0.24160662,0.9936399,0.9
0.983975,0.9897473,0.9999608,0.25704896,0.98985344,0.9
0.98299235,0.98899674,0.9999635,0.25897256,0.9882118,0.9
0.9848898,0.99044806,0.999949,0.82157755,0.99351764,0.9
0.9857817,0.99022233,0.9999573,0.5281816,0.9952478,0.9
0.98456234,0.9894936,0.99995756,0.18260975,0.9897915,0.9
0.9116446,0.98427063,0.99995995,0.2565432,0.9925764,0.9
0.9846415,0.9917316,0.9999608,0.22247335,0.99504167,0.9
0.9849615,0.9884399,0.9999628,0.2766444,0.9942684,0.9
0.9107841,0.9802633,0.9999609,0.24937955,0.99424595,0.9
0.98404896,0.97337645,0.999961,0.25625786,0.9935363,0.9
0.9795054,0.9769151,0.9999498,0.80050105,0.99403113,0.9
0.9837196,0.99073505,0.99995935,0.5745578,0.9836031,0.9
0.98284125,0.98822415,0.9999603,0.18592967,0.9938076,0.9
0.9824263,0.97194785,0.9999654,0.21795967,0.9933647,0.9
0.9831845,0.99133587,0.99995136,0.7813947,0.99453413,0.9
0.9847371,0.98900723,0.99995303,0.41593876,0.99184304,0.9
0.9845659,0.988313,0.999959,0.21405433,0.9809787,0.9
0.9840588,0.9897398,0.9999635,0.22168736,0.99359024,0.9
